TRADEDATE,ISIN,SECID,SHORTNAME,NAME,BOARDID,TYPE,MATDATE,OFFERDATE,FACEVALUE,FACEUNIT,ISSUESIZE,LOTVALUE,COUPONPERCENT,COUPONVALUE,COUPONFREQUENCY,COUPONPERIOD,OPEN,LOW,HIGH,CLOSE,WAPRICE,VOLUME,VALUE,NUMTRADES,ACCINT,YIELDCLOSE,YIELDATWAP,DURATION_DAYS,DURATION_YEARS,STATUS
2026-05-11,RU000A0JS3W6,SU26207RMFS9,ОФЗ 26207,ОФЗ-ПД 26207 03/02/27,TQOB,ofz_bond,2027-02-03,,1000.0,SUR,370200604.0,,8.15,40.64,2.0,,96.815,96.593,96.896,96.759,96.765,8336,8066364.86,792,21.44,13.3,13.29,260.0,0.71,OK
2026-05-11,RU000A0JTK38,SU26212RMFS9,ОФЗ 26212,ОФЗ-ПД 26212 19/01/28,TQOB,ofz_bond,2028-01-19,,1000.0,SUR,356981514.0,,7.05,35.15,2.0,,91.479,91.451,91.699,91.599,91.635,4463,4089661.65,570,21.24,13.11,13.09,579.0,1.59,OK
2026-05-11,RU000A0JVW48,SU26218RMFS6,ОФЗ 26218,ОФЗ-ПД 26218 17/09/31,TQOB,ofz_bond,2031-09-17,,1000.0,SUR,597608211.0,,8.5,42.38,2.0,,80.64,80.424,80.942,80.941,80.852,14746,11922451.39,876,10.94,14.09,14.12,1544.0,4.23,OK
2026-05-11,RU000A0JWM07,SU26219RMFS4,ОФЗ 26219,ОФЗ-ПД 26219 16/09/26,TQOB,ofz_bond,2026-09-16,,1000.0,SUR,361974169.0,,7.75,38.64,2.0,,98.27,98.203,98.419,98.219,98.311,8016,7880584.28,691,11.46,13.5,13.2,127.0,0.35,OK
2026-05-11,RU000A0JXE06,RU000A0JXE06,ГТЛК 1P-03,ГосТранспортЛизингКомп 001P-03,TQCB,exchange_bond,2032-01-22,,1000.0,SUR,10000000.0,,17.2,42.88,4.0,,98.5,98.45,98.5,98.45,98.48,2334,2298512.4,30,5.18,17.62,17.59,413.0,1.13,OK
2026-05-11,RU000A0JXN05,RU000A0JXN05,РЖД Б01P1R,"""Российские ЖД"" БО-001P-01R",TQCB,exchange_bond,2032-05-18,,1000.0,SUR,15000000.0,,18.4,91.75,2.0,,107.88,107.42,107.89,107.75,107.83,436,470127.3,59,84.19,14.38,14.34,610.0,1.67,OK
2026-05-11,RU000A0JXQ44,RU000A0JXQ44,РЖД Б01P2R,"""Российские ЖД"" БО-001P-02R",TQCB,exchange_bond,2037-04-02,,1000.0,SUR,15000000.0,,14.4,71.8,2.0,,101.5,100.52,101.5,100.9,100.67,42,42282.3,15,9.86,14.74,14.78,2106.0,5.77,OK
2026-05-11,RU000A0JXRD5,RU000A0JXRD5,ПочтаРБ1P2,Почта России (АО) БО-001P-02,TQCB,exchange_bond,2027-05-11,,1000.0,SUR,5000000.0,,15.15,75.54,2.0,,102.1,100.56,103.0,102.64,101.92,271,276200.3,52,75.13,12.63,13.46,351.0,0.96,OK
2026-05-11,RU000A0ZYVU5,RU000A0ZYVU5,Роснфт2P5,ПАО НК Роснефть 002P-05,TQCB,exchange_bond,2028-02-18,,1000.0,SUR,20000000.0,,9.0,44.88,2.0,,92.72,92.54,92.85,92.77,92.72,282,261459.8,51,19.73,14.18,14.22,599.0,1.64,OK
2026-05-11,RU000A0ZZYW2,SU26226RMFS9,ОФЗ 26226,ОФЗ-ПД 26226 07/10/26,TQOB,ofz_bond,2026-10-07,,1000.0,SUR,367210831.0,,7.95,39.64,2.0,,98.002,98.002,98.4,98.2,98.159,12801,12565372.68,557,7.19,12.99,13.11,148.0,0.41,OK
2026-05-11,RU000A1003A4,RU000A1003A4,ГТЛК 1P-13,ГТЛК БО 001P-13,TQCB,exchange_bond,2034-01-20,,1000.0,SUR,10000000.0,,9.57,23.86,4.0,,94.86,94.86,95.4,95.16,95.1,11,10460.5,8,2.62,17.81,17.92,260.0,0.71,OK
2026-05-11,RU000A100A82,SU26228RMFS5,ОФЗ 26228,ОФЗ-ПД 26228 10/04/30,TQOB,ofz_bond,2030-04-10,,1000.0,SUR,592018800.0,,7.65,38.15,2.0,,83.388,83.11,83.726,83.426,83.378,9527,7943457.75,728,5.45,13.64,13.66,1235.0,3.38,OK
2026-05-11,RU000A100EF5,SU26230RMFS1,ОФЗ 26230,ОФЗ-ПД 26230 16/03/39,TQOB,ofz_bond,2039-03-16,,1000.0,SUR,699489066.0,,7.7,38.39,2.0,,62.282,62.203,62.625,62.547,62.395,185080,115480227.74,2529,8.44,14.58,14.62,2558.0,7.01,OK
2026-05-11,RU000A101012,RU000A101012,Систем1P12,АФК Система БО 001P-12,TQCB,exchange_bond,2029-10-23,,1000.0,SUR,10000000.0,,18.0,89.75,2.0,,100.98,100.98,101.29,101.0,101.02,996,1006177.6,39,6.41,17.52,17.5,338.0,0.93,OK
2026-05-11,RU000A1017J5,RU000A1017J5,Газпнф3P2R,Газпром нефть БО 003Р-02R,TQCB,exchange_bond,2029-12-07,,1000.0,SUR,20000000.0,,7.15,17.83,4.0,,81.89,81.69,82.4,82.22,82.18,2075,1705233.5,178,11.56,14.2,14.22,1129.0,3.09,OK
2026-05-11,RU000A101GD3,RU000A101GD3,ГТЛК 1P-16,ГТЛК БО 001P-16,TQCB,exchange_bond,2028-02-17,,250.0,SUR,10000000.0,,6.95,4.33,4.0,,91.94,90.61,91.94,90.8,90.97,298,67775.87,50,3.86,16.03,15.85,430.0,1.18,OK
2026-05-11,RU000A101NG2,RU000A101NG2,МТС 1P-15,Мобильные ТелеСистемы 001P-15,TQCB,exchange_bond,2026-11-05,,1000.0,SUR,5000000.0,,6.6,16.45,4.0,,100.25,97.85,100.25,98.11,98.42,6,5905.4,4,0.72,11.08,10.35,176.0,0.48,OK
2026-05-11,RU000A101Q26,RU000A101Q26,Систем1P13,АФК Система БО 001P-13,TQCB,exchange_bond,2030-05-15,,1000.0,SUR,15000000.0,,16.0,79.78,2.0,,99.15,98.42,99.65,99.65,99.46,462,459493.0,165,75.84,17.4,17.82,181.0,0.5,OK
2026-05-11,RU000A101QL5,RU000A101QL5,ГТЛК 1P-17,ГТЛК БО 001P-17,TQCB,exchange_bond,2035-05-14,,1000.0,SUR,10000000.0,,7.44,18.55,4.0,,99.36,99.35,99.8,99.41,99.47,1318,1311032.8,108,15.7,22.96,21.3,16.0,0.04,OK
2026-05-11,RU000A101RV2,RU000A101RV2,Казахст07,Республика Казахстан 07,TQCB,ofz_bond,2027-09-15,,1000.0,SUR,10000000.0,,6.55,32.66,2.0,,90.8,90.53,91.15,90.84,90.89,457,415372.3,105,9.69,14.76,14.71,473.0,1.3,OK
2026-05-11,RU000A101RZ3,RU000A101RZ3,Казахст11,Республика Казахстан 11,TQCB,ofz_bond,2030-09-11,,1000.0,SUR,10000000.0,,7.0,34.9,2.0,,77.0,76.48,77.39,76.9,76.96,389,299371.3,75,10.36,14.84,14.81,1343.0,3.68,OK
2026-05-11,RU000A101SC0,RU000A101SC0,ГТЛК 1P-18,ГТЛК БО 001P-18,TQCB,exchange_bond,2035-05-23,,1000.0,SUR,5000000.0,,7.84,19.55,4.0,,92.31,91.58,92.31,91.6,91.69,18,16504.7,8,14.61,17.61,17.5,372.0,1.02,OK
2026-05-11,RU000A101SD8,RU000A101SD8,ГТЛК 1P-19,ГТЛК БО 001P-19,TQCB,exchange_bond,2035-05-23,,1000.0,SUR,5000000.0,,7.97,19.87,4.0,,87.26,87.26,87.71,87.58,87.38,34,29709.9,9,14.85,15.94,16.08,687.0,1.88,OK
2026-05-11,RU000A101WR0,RU000A101WR0,ОГК-2 2Р01,ОГК-2 002P-01,TQCB,exchange_bond,2026-07-08,,1000.0,SUR,5000000.0,,10.1,50.36,2.0,,99.8,99.8,99.81,99.81,99.81,8,7984.6,2,34.31,11.48,11.48,57.0,0.16,OK
2026-05-11,RU000A101XS6,RU000A101XS6,МОЭК БО1P4,МОЭК ПАО БО 001Р-04,TQCB,exchange_bond,2026-07-15,,1000.0,SUR,5000000.0,,16.5,82.27,2.0,,100.5,100.5,100.67,100.67,100.64,5,5031.8,2,52.89,12.57,12.75,64.0,0.18,OK
2026-05-11,RU000A101Z74,RU000A101Z74,ГПБ001P17P,ГПБ (АО) БО 001Р-17Р,TQCB,exchange_bond,2030-07-31,,1000.0,SUR,10630210.0,,12.75,63.23,2.0,,97.63,97.41,97.63,97.55,97.58,83,80988.8,34,34.93,14.53,14.52,709.0,1.94,OK
2026-05-11,RU000A102879,RU000A102879,ВТБСУБТ2-1,Банк ВТБ ПАО СУБ-Т2-1,TQCB,corporate_bond,2031-04-02,,10000000.0,SUR,7000.0,,16.66,830717.81,2.0,,96.2,96.2,96.2,96.2,96.2,1,9620000.0,1,150624.66,18.64,18.64,1260.0,3.45,OK
2026-05-11,RU000A102986,RU000A102986,СУЭК-Ф1P6R,СУЭК-Финанс 001Р-06R,TQCB,exchange_bond,2030-10-10,,1000.0,SUR,14000000.0,,18.9,94.24,2.0,,100.32,100.31,101.6,101.55,100.92,32,32295.3,13,12.95,17.73,18.54,327.0,0.9,OK
2026-05-11,RU000A102A31,SU29018RMFS7,ОФЗ 29018,ОФЗ-ПК 29018 26/11/2031,TQOB,ofz_bond,2031-11-26,,1000.0,SUR,427747115.0,,,,4.0,,97.286,97.284,97.6,97.6,97.577,1150,1122135.23,65,27.6,,0.0,,,OK
2026-05-11,RU000A102A49,SU29019RMFS5,ОФЗ 29019,ОФЗ-ПК 29019 18/07/2029,TQOB,ofz_bond,2029-07-18,,1000.0,SUR,430194756.0,,,,4.0,,99.615,99.356,99.699,99.699,99.552,312,310602.03,70,7.53,,0.0,,,OK
2026-05-11,RU000A102BV4,SU29020RMFS3,ОФЗ 29020,ОФЗ-ПК 29020 22/09/2027,TQOB,ofz_bond,2027-09-22,,1000.0,SUR,294544699.0,,,,4.0,,100.035,99.93,100.07,100.05,100.043,62658,62684918.54,542,18.88,,0.0,,,OK
2026-05-11,RU000A102GJ8,RU000A102GJ8,ГПБ001P19P,ГПБ (АО) БО 001Р-19Р,TQCB,exchange_bond,2030-12-11,,1000.0,SUR,15000000.0,,12.75,63.58,2.0,,98.43,98.43,98.7,98.7,98.65,16,15784.6,8,52.75,14.54,14.59,367.0,1.01,OK
2026-05-11,RU000A102HC1,RU000A102HC1,Сбер2СУБ2R,Сбербанк 002СУБ-02R,TQCB,corporate_bond,2031-03-11,,10000000.0,SUR,5600.0,,15.0,747945.21,2.0,,,,,,,0,0.0,0,226027.4,,,1285.0,3.52,OK
2026-05-11,RU000A102LU5,RU000A102LU5,ГПБ001P20P,ГПБ (АО) БО 001Р-20Р,TQCB,exchange_bond,2030-12-28,,1000.0,SUR,2000000.0,,14.25,71.05,2.0,,,,,,,0,0.0,0,52.32,,,919.0,2.52,OK
2026-05-11,RU000A102QP4,RU000A102QP4,РЖД 1Р-21R,РЖД БО 001Р-21R,TQCB,exchange_bond,2027-06-11,,1000.0,SUR,20000000.0,,6.85,34.16,2.0,,93.66,93.16,93.95,93.62,93.77,168,157538.1,57,28.15,13.81,13.64,376.0,1.03,OK
2026-05-11,RU000A102SX4,RU000A102SX4,Систем1P19,АФК Система БО 001P-19,TQCB,exchange_bond,2031-02-17,,1000.0,SUR,12500000.0,,24.0,59.84,4.0,,101.4,100.0,101.4,100.28,100.26,987,989517.0,93,50.63,18.33,18.85,16.0,0.04,OK
2026-05-11,RU000A102VR0,RU000A102VR0,ГТЛК 2P-01,ГТЛК БО 002P-01,TQCB,exchange_bond,2036-03-03,,1000.0,SUR,10000000.0,,17.6,43.88,4.0,,96.7,96.69,97.03,96.95,96.8,88,85187.4,26,27.0,16.85,16.94,717.0,1.96,OK
2026-05-11,RU000A1038V6,SU26238RMFS4,ОФЗ 26238,ОФЗ-ПД 26238 15/05/2041,TQOB,ofz_bond,2041-05-15,,1000.0,SUR,1000000000.0,,7.1,35.4,2.0,,58.31,58.277,58.525,58.5,58.426,403482,235738669.04,12032,30.93,14.14,14.16,2659.0,7.28,OK
2026-05-11,RU000A1038Z7,SU26237RMFS6,ОФЗ 26237,ОФЗ-ПД 26237 14/03/2029,TQOB,ofz_bond,2029-03-14,,1000.0,SUR,418953119.0,,6.7,33.41,2.0,,86.007,85.593,86.13,86.099,85.965,3971,3413676.5,501,9.91,13.07,13.14,944.0,2.59,OK
2026-05-11,RU000A103943,RU000A103943,Аэрофл БО1,Аэрофлот-росс.авиалин.ПАО БО-1,TQCB,exchange_bond,2026-06-11,,1000.0,SUR,24650000.0,,8.35,20.82,4.0,,99.42,99.36,99.59,99.55,99.52,1502,1494793.9,155,13.73,14.6,15.01,30.0,0.08,OK
2026-05-11,RU000A103AT8,RU000A103AT8,sАтомэнп01,Атомэнергопром АО 001Р-01,TQCB,exchange_bond,2026-06-19,,1000.0,SUR,10000000.0,,7.5,37.4,2.0,,99.29,99.2,99.74,99.39,99.44,159,158111.9,61,29.38,13.84,13.31,38.0,0.1,OK
2026-05-11,RU000A103BR0,SU26240RMFS0,ОФЗ 26240,ОФЗ-ПД 26240 30/07/2036,TQOB,ofz_bond,2036-07-30,,1000.0,SUR,650000000.0,,7.0,34.9,2.0,,61.768,61.713,61.959,61.947,61.837,145304,89851152.71,4637,17.07,14.64,14.68,2348.0,6.43,OK
2026-05-11,RU000A103DS4,RU000A103DS4,СибурХ Б03,СИБУР Холдинг БО-03,TQCB,exchange_bond,2031-07-01,,1000.0,SUR,10000000.0,,15.5,77.29,2.0,,102.57,102.27,102.57,102.3,102.33,31,31722.9,7,53.08,13.69,13.66,385.0,1.05,OK
2026-05-11,RU000A103EZ7,RU000A103EZ7,Ростел2P6R,Ростелеком ПАО 002P-06R,TQCB,exchange_bond,2026-07-17,,1000.0,SUR,15000000.0,,7.7,38.39,2.0,,99.18,99.06,99.22,99.06,99.12,307,304304.9,36,24.26,13.38,13.01,66.0,0.18,OK
2026-05-11,RU000A103G42,RU000A103G42,Сбер Sb29R,Сбербанк ПАО 001Р-SBER29,TQCB,exchange_bond,2026-07-31,,1000.0,SUR,4000000.0,,7.43,37.05,2.0,,98.95,98.65,99.14,98.98,98.82,306,302382.1,88,20.56,12.53,13.35,80.0,0.22,OK
2026-05-11,RU000A103QN7,RU000A103QN7,ГазпромК 3,Газпром капитал ООО 001Б-03,TQCB,corporate_bond,,,5000000.0,SUR,12000.0,,16.51,411619.18,2.0,,,,,,,0,0.0,0,108558.9,,,,,OK
2026-05-11,RU000A104362,RU000A104362,ВСК 1P-02R,Восточная Стивидор.Ком 1P-02R,TQCB,exchange_bond,2026-11-17,,1000.0,SUR,7500000.0,,9.55,47.62,2.0,,97.69,97.61,97.88,97.65,97.66,57,55668.8,21,45.53,14.93,14.91,181.0,0.5,OK
2026-05-11,RU000A104B46,RU000A104B46,ГПБ001P21P,ГПБ (АО) БО 001Р-21Р,TQCB,exchange_bond,2031-12-27,,1000.0,SUR,30000000.0,,16.25,81.03,2.0,,105.7,104.82,105.7,105.2,104.85,424,444580.0,16,60.1,14.62,14.77,898.0,2.46,OK
2026-05-11,RU000A104WF9,RU000A104WF9,Славнеф2Р4,Славнефть БО 002Р-04,TQCB,exchange_bond,2032-06-11,,1000.0,SUR,10000000.0,,18.0,44.88,4.0,,105.36,105.06,105.36,105.07,105.28,101,106329.1,20,25.64,15.21,15.05,514.0,1.41,OK
2026-05-11,RU000A105559,RU000A105559,ФСК РС1Р6,ФСК Россети ПАО БО 001P-06R,TQCB,exchange_bond,2032-08-18,,1000.0,SUR,15000000.0,,8.7,21.69,4.0,,98.46,98.06,98.54,98.51,98.47,29,28557.1,11,17.88,14.5,14.66,109.0,0.3,OK
2026-05-11,RU000A1055Y4,RU000A1055Y4,ПочтаР2P04,Почта России БО-002P-04,TQCB,exchange_bond,2032-08-25,,1000.0,SUR,20000000.0,,9.25,46.12,2.0,,90.79,90.67,91.1,90.83,90.83,8639,7846891.3,114,17.23,18.02,18.02,456.0,1.25,OK
2026-05-11,RU000A1057P8,RU000A1057P8,РусГидрБП6,РусГидро (ПАО) БО-П06,TQCB,exchange_bond,2026-09-15,,1000.0,SUR,20000000.0,,8.5,42.38,2.0,,98.51,98.3,99.49,99.49,99.28,408,405053.0,103,12.81,10.22,10.89,126.0,0.35,OK
2026-05-11,RU000A105FZ9,SU26241RMFS8,ОФЗ 26241,ОФЗ-ПД 26241 17/11/32,TQOB,ofz_bond,2032-11-17,,1000.0,SUR,750000000.0,,9.5,47.37,2.0,,81.92,81.822,82.344,82.322,82.17,15719,12916271.34,1051,43.21,14.15,14.19,1674.0,4.59,OK
2026-05-11,RU000A105GW4,RU000A105GW4,ГПБ001P22P,ГПБ (АО) БО 001Р-22Р,TQCB,exchange_bond,2032-11-24,,1000.0,SUR,20000000.0,,17.5,86.78,2.0,,106.48,106.0,106.59,106.41,106.37,130,138275.7,81,80.55,14.27,14.29,616.0,1.69,OK
2026-05-11,RU000A105KR6,RU000A105KR6,ВСК 1P-03R,Восточная Стивидор.Ком 1P-03R,TQCB,exchange_bond,2027-11-30,,1000.0,SUR,15000000.0,,11.25,56.1,2.0,,95.85,95.41,96.48,95.65,96.01,611,586602.9,51,49.32,14.99,14.69,509.0,1.39,OK
2026-05-11,RU000A105L27,RU000A105L27,Систем1P24,АФК Система БО 001Р-24,TQCB,exchange_bond,2032-11-24,,1000.0,SUR,10000000.0,,18.0,44.88,4.0,,99.05,98.69,99.15,98.99,98.82,12807,12655387.2,427,33.53,21.42,21.79,197.0,0.54,OK
2026-05-11,RU000A105NB4,RU000A105NB4,ТГК-1БО1P1,ТГК-1 БО-001Р-01,TQCB,exchange_bond,2027-12-16,,1000.0,SUR,5000000.0,,15.0,74.79,2.0,,103.59,103.59,103.59,103.59,103.59,1,1035.9,1,59.18,9.02,9.02,211.0,0.58,OK
2026-05-11,RU000A105NK5,RU000A105NK5,МОЭК БО1P5,МОЭК ПАО БО 001Р-05,TQCB,exchange_bond,2028-12-14,,1000.0,SUR,5000000.0,,15.0,74.79,2.0,,100.49,100.49,100.5,100.5,100.5,103,103514.9,4,59.18,14.55,14.55,211.0,0.58,OK
2026-05-11,RU000A105PH6,RU000A105PH6,Россети1Р7,Россети ПАО БО 001P-07R,TQCB,exchange_bond,2037-12-08,,1000.0,SUR,30000000.0,,12.0,29.92,4.0,,100.0,99.5,102.0,100.86,100.53,132,132703.0,43,15.78,5.02,7.81,45.0,0.12,OK
2026-05-11,RU000A105RV3,SU26242RMFS6,ОФЗ 26242,ОФЗ-ПД 26242 29/08/29,TQOB,ofz_bond,2029-08-29,,1000.0,SUR,529356615.0,,9.0,44.88,2.0,,89.9,89.768,90.155,90.1,90.06,14565,13117303.55,693,16.77,13.16,13.18,1042.0,2.85,OK
2026-05-11,RU000A105TY3,RU000A105TY3,ВымпелК1Р6,Вымпел-Коммуникации 001Р-06,TQCB,exchange_bond,2028-02-14,,1000.0,SUR,21795314.0,,10.55,26.3,4.0,,95.42,94.72,95.42,94.99,94.89,45,42701.1,15,24.28,14.53,14.6,579.0,1.59,OK
2026-05-11,RU000A105VC5,RU000A105VC5,Полюс Б1P3,Полюс ПБО-03,TQCB,exchange_bond,2028-02-11,,1000.0,SUR,20000000.0,,10.4,51.86,2.0,,95.17,94.87,95.5,95.0,95.04,1229,1168091.7,203,24.79,14.14,14.12,586.0,1.61,OK
2026-05-11,RU000A105W08,RU000A105W08,МЕТАЛИН1P4,МЕТАЛЛОИНВЕСТ 001P-04,TQCB,exchange_bond,2027-02-17,,1000.0,SUR,7000000.0,,0.0,0.0,2.0,,,,,,,0,0.0,0,37.06,,,268.0,0.73,OK
2026-05-11,RU000A105YB1,RU000A105YB1,Медси 1P02,Группа компаний Медси 001P-02,TQCB,exchange_bond,2038-02-25,,1000.0,SUR,3000000.0,,13.0,32.41,4.0,,99.72,99.0,99.89,99.89,99.29,78,77447.1,30,21.37,13.79,14.64,290.0,0.79,OK
2026-05-11,RU000A106375,RU000A106375,ГазпромК07,Газпром Капитал 07,TQCB,corporate_bond,2028-04-05,,1000.0,SUR,40000000.0,,,0.0,4.0,,99.01,98.81,99.07,98.86,98.99,295,292012.2,37,14.38,14.77,14.68,613.0,1.68,OK
2026-05-11,RU000A1064G3,RU000A1064G3,ГПБ001P26P,ГПБ (АО) БО 001Р-26Р,TQCB,exchange_bond,2033-04-18,,1000.0,SUR,10427011.0,,10.0,50.14,2.0,,98.06,97.77,98.14,98.02,97.96,148,144980.0,27,6.3,15.27,15.43,162.0,0.44,OK
2026-05-11,RU000A106565,RU000A106565,Газпнф3P6R,Газпром нефть БО 003P-06R,TQCB,exchange_bond,2028-04-14,,1000.0,SUR,22000000.0,,16.3,40.64,4.0,,99.36,99.25,99.79,99.25,99.31,925,918660.1,55,10.72,14.86,14.82,620.0,1.7,OK
2026-05-11,RU000A106672,RU000A106672,ГазпромКP5,Газпром капитал ООО БО-001Р-05,TQCB,exchange_bond,2028-04-20,,1000.0,SUR,30000000.0,,9.8,24.43,4.0,,96.64,96.19,96.88,96.6,96.62,381,368104.2,78,4.83,14.35,14.32,336.0,0.92,OK
2026-05-11,RU000A1069N8,RU000A1069N8,НорНик БО9,ГМК Нор.никель БО-09,TQCB,exchange_bond,2028-05-17,,1000.0,SUR,60000000.0,,0.0,0.0,4.0,,99.84,99.72,100.19,100.1,100.08,671,671506.3,66,36.37,14.11,14.13,630.0,1.73,OK
2026-05-11,RU000A106C92,RU000A106C92,Автодор4Р4,Автодор ГК БО-004Р-04,TQCB,exchange_bond,2028-05-30,,1000.0,SUR,4000000.0,,10.17,50.71,2.0,,99.6,99.6,99.66,99.65,99.63,13,12952.1,7,44.58,16.06,16.4,24.0,0.07,OK
2026-05-11,RU000A106CU5,RU000A106CU5,ТрансмхПБ7,Трансмашхолдинг АО ПБО-07,TQCB,exchange_bond,2026-06-05,,1000.0,SUR,10000000.0,,10.2,50.86,2.0,,99.7,99.61,99.75,99.75,99.73,495,493679.5,34,43.87,14.33,14.66,24.0,0.07,OK
2026-05-11,RU000A106D59,RU000A106D59,МБЭС 2P-01,Межд.Банк Эк.Сотруд. 002P-01,TQCB,corporate_bond,2033-06-02,,1000.0,SUR,1700000.0,,10.75,26.8,4.0,,99.58,99.26,99.58,99.5,99.48,8,7958.4,3,17.67,16.84,17.07,36.0,0.1,OK
2026-05-11,RU000A106E90,SU26243RMFS4,ОФЗ 26243,ОФЗ-ПД 26243 19/05/38,TQOB,ofz_bond,2038-05-19,,1000.0,SUR,750000000.0,,9.8,48.87,2.0,,75.1,74.855,75.208,75.172,75.069,68973,51777610.47,2266,42.69,14.65,14.68,2269.0,6.22,OK
2026-05-11,RU000A106FV6,RU000A106FV6,РСХБ2Р12,Россельхозбанк БO-12-002P,TQCB,exchange_bond,2026-06-26,,1000.0,SUR,15000000.0,,9.95,49.61,2.0,,99.49,99.27,99.5,99.49,99.48,1226,1219630.5,43,37.07,14.49,14.58,45.0,0.12,OK
2026-05-11,RU000A106K27,RU000A106K27,Медси 1P03,Группа компаний Медси 001P-03,TQCB,exchange_bond,2038-06-28,,1000.0,SUR,3000000.0,,16.5,41.14,4.0,,101.12,100.12,101.17,100.97,100.74,793,798847.1,55,12.66,14.84,15.46,151.0,0.41,OK
2026-05-11,RU000A106K43,RU000A106K43,РЖД 1Р-26R,РЖД БО 001Р-26R,TQCB,exchange_bond,2028-07-19,,1000.0,SUR,30000000.0,,15.96,13.56,12.0,,99.01,98.76,99.15,99.1,99.0,3364,3330519.0,231,2.62,14.9,14.96,690.0,1.89,OK
2026-05-11,RU000A106LL5,RU000A106LL5,ВЭБP-37,ВЭБ.РФ ПБО-002Р-37,TQCB,exchange_bond,2032-08-25,,1000.0,SUR,40000000.0,,0.0,0.0,4.0,,98.45,98.21,98.63,98.63,98.41,525,516630.7,78,30.96,15.2,15.26,1508.0,4.13,OK
2026-05-11,RU000A106MS8,RU000A106MS8,ГазК 2Б-01,Газпром капитал ООО 002Б-01,TQCB,corporate_bond,,,5000000.0,SUR,24000.0,,12.91,321865.75,2.0,,,,,,,0,0.0,0,185691.78,,,,,OK
2026-05-11,RU000A106R95,RU000A106R95,iСелкт1Р3R,Селектел 001P-03R,TQCB,exchange_bond,2026-08-14,,1000.0,SUR,3000000.0,,13.3,66.32,2.0,,99.47,99.46,99.88,99.82,99.7,1320,1315993.1,166,31.7,14.29,14.81,94.0,0.26,OK
2026-05-11,RU000A106YE3,RU000A106YE3,МгдОбл2023,Магаданская область ГО2023,TQCB,subfederal_bond,2028-09-20,,1000.0,SUR,2000000.0,,13.75,34.28,4.0,,99.19,99.18,99.43,99.39,99.39,259,257417.4,39,17.71,15.0,15.0,470.0,1.29,OK
2026-05-11,RU000A106YH6,RU000A106YH6,ГПБ003P01P,ГПБ (АО) БО 003Р-01Р,TQCB,exchange_bond,2033-09-27,,1000.0,SUR,3402112.0,,12.0,60.49,2.0,,97.89,97.89,98.08,98.08,98.07,138,135331.5,12,14.79,14.86,14.87,312.0,0.85,OK
2026-05-11,RU000A106ZU6,RU000A106ZU6,РусГидБП12,РусГидро (ПАО) БО-П12,TQCB,exchange_bond,2028-10-04,,1000.0,SUR,30000000.0,,16.2,40.39,4.0,,99.65,99.64,99.78,99.69,99.74,169,168552.5,33,14.65,14.31,14.28,749.0,2.05,OK
2026-05-11,RU000A107050,RU000A107050,ГазпКап2P9,Газпром капитал БО-002Р-09,TQCB,exchange_bond,2028-04-04,,1000.0,SUR,30000000.0,,,0.0,4.0,,98.94,98.79,99.19,98.84,98.94,1080,1068537.1,41,14.78,14.95,14.88,611.0,1.67,OK
2026-05-11,RU000A107084,RU000A107084,ГазКап2P10,Газпром капитал БО-002Р-10,TQCB,exchange_bond,2028-04-04,,1000.0,SUR,30000000.0,,,0.0,4.0,,99.05,99.05,99.21,99.18,99.11,86,85238.8,25,14.78,14.71,14.76,611.0,1.67,OK
2026-05-11,RU000A1074G2,SU26244RMFS2,ОФЗ 26244,ОФЗ-ПД 26244 15/03/34,TQOB,ofz_bond,2034-03-15,,1000.0,SUR,1250000000.0,,11.25,56.1,2.0,,86.6,86.55,87.235,87.188,86.883,32717,28425466.91,1777,14.49,14.47,14.55,1874.0,5.13,OK
2026-05-11,RU000A1075S4,RU000A1075S4,ИКС5Фин3P2,ИКС 5 ФИНАНС 003Р-02,TQCB,exchange_bond,2026-10-17,,1000.0,SUR,20000000.0,,16.1,13.23,12.0,,100.04,100.03,100.3,100.18,100.19,3234,3240054.4,113,9.26,15.3,15.27,153.0,0.42,OK
2026-05-11,RU000A107605,RU000A107605,Газпнф3P7R,Газпром нефть БО 003P-07R,TQCB,exchange_bond,2027-11-02,,1000.0,SUR,34000000.0,,,0.0,4.0,,99.85,99.53,99.86,99.63,99.73,375,373990.7,47,2.59,14.79,14.71,494.0,1.35,OK
2026-05-11,RU000A1077V4,RU000A1077V4,РСЭКСМБ2Р4,РОСЭКСИМБАНК 002P-04,TQCB,exchange_bond,2033-11-03,,1000.0,SUR,20000000.0,,18.0,44.88,4.0,,100.62,99.96,100.77,100.5,100.49,632,635097.9,46,43.4,15.57,15.59,177.0,0.48,OK
2026-05-11,RU000A1078S8,RU000A1078S8,МТС 2P-02,Мобильные ТелеСистемы 002P-02,TQCB,exchange_bond,2028-11-15,,1000.0,SUR,13500000.0,,0.0,0.0,4.0,,98.0,97.94,98.38,98.1,98.14,196,192358.7,38,36.26,15.09,15.07,761.0,2.08,OK
2026-05-11,RU000A1079S6,RU000A1079S6,МЕТАЛИН1P6,МЕТАЛЛОИНВЕСТ 001P-06,TQCB,exchange_bond,2027-11-23,,1000.0,SUR,15000000.0,,0.0,0.0,4.0,,99.1,98.88,99.4,99.39,99.19,132,130932.1,22,34.06,14.98,15.14,495.0,1.36,OK
2026-05-11,RU000A107A28,RU000A107A28,sГПБ005P1P,ГПБ (АО) БО 005Р-01Р,TQCB,exchange_bond,2026-11-28,,1000.0,SUR,15000000.0,,12.75,31.09,4.0,,99.99,99.76,100.0,99.99,99.94,290,289836.7,24,25.15,13.38,13.48,192.0,0.53,OK
2026-05-11,RU000A107AG6,RU000A107AG6,РоссЦP03,Россети Центр ПАО 001Р-03,TQCB,exchange_bond,2027-05-18,,1000.0,SUR,5000000.0,,15.9,13.07,12.0,,99.87,98.85,99.9,99.88,99.62,1546,1540053.5,107,7.84,14.88,15.2,345.0,0.95,OK
2026-05-11,RU000A107AJ0,RU000A107AJ0,ИКС5Фин3P3,ИКС 5 ФИНАНС 003P-03,TQCB,exchange_bond,2033-11-22,,1000.0,SUR,10000000.0,,12.9,32.16,4.0,,99.93,99.67,99.93,99.77,99.88,30,29962.5,21,24.39,17.37,15.46,24.0,0.07,OK
2026-05-11,RU000A107AM4,RU000A107AM4,АЛЬФАБ2Р25,АЛЬФА-БАНК Б2Р25,TQCB,exchange_bond,2026-11-26,,1000.0,SUR,11000000.0,,13.25,33.03,4.0,,100.0,99.67,100.2,100.04,100.06,182,182115.2,21,26.86,13.82,13.78,189.0,0.52,OK
2026-05-11,RU000A107AU7,RU000A107AU7,sВЭБP-39,ВЭБ.РФ ПБО-002Р-39,TQCB,exchange_bond,2030-05-23,,1000.0,SUR,40000000.0,,0.0,0.0,4.0,,97.8,97.62,97.83,97.62,97.7,45,43966.6,16,33.06,15.16,15.13,1112.0,3.05,OK
2026-05-11,RU000A107DP1,RU000A107DP1,РСетиМР1Р5,ПАО Россети Моск.рег. БО1Р05,TQCB,exchange_bond,2026-11-28,,1000.0,SUR,8000000.0,,16.15,13.27,12.0,,100.81,100.29,100.81,100.39,100.5,181,181907.5,17,3.98,14.96,14.72,192.0,0.53,OK
2026-05-11,RU000A107F49,RU000A107F49,ГПБ005P02P,ГПБ (АО) БО 005Р-02Р,TQCB,exchange_bond,2027-06-20,,1000.0,SUR,12696723.0,,15.0,12.33,12.0,,98.61,98.37,99.0,98.97,98.93,2701,2671964.7,72,8.63,14.73,14.77,374.0,1.02,OK
2026-05-11,RU000A107GC2,RU000A107GC2,ДОМ 2P3,ДОМ.РФ ПАО 002P-03,TQCB,exchange_bond,2027-12-17,,1000.0,SUR,40000000.0,,,0.0,4.0,,99.58,99.27,100.5,99.27,99.96,98,97957.2,9,22.55,14.79,14.24,521.0,1.43,OK
2026-05-11,RU000A107HG1,RU000A107HG1,Газпнф3P8R,Газпром нефть БО 003P-08R,TQCB,exchange_bond,2026-12-12,,1000.0,SUR,12000000.0,,,0.0,12.0,,100.3,100.24,100.46,100.31,100.31,4184,4196968.2,109,11.05,15.3,15.3,204.0,0.56,OK
2026-05-11,RU000A107HH9,RU000A107HH9,Газпнф3P9R,Газпром нефть БО 003P-09R,TQCB,exchange_bond,2027-12-23,,1000.0,SUR,15000000.0,,0.0,0.0,4.0,,99.81,99.8,99.92,99.87,99.87,25,24968.2,7,20.24,14.58,14.58,526.0,1.44,OK
2026-05-11,RU000A107S10,RU000A107S10,РСХБ2Р3,Россельхозбанк БO-03-002P,TQCB,exchange_bond,2027-01-29,,1000.0,SUR,42000000.0,,16.07,13.65,12.0,,100.8,100.31,100.82,100.55,100.5,14500,14571800.7,296,7.04,14.72,14.8,248.0,0.68,OK
2026-05-11,RU000A107UA7,RU000A107UA7,ГПБ005P03P,ГПБ (АО) БО 005Р-03Р,TQCB,exchange_bond,2034-02-21,,1000.0,SUR,22208714.0,,13.7,34.16,4.0,,99.78,99.56,99.81,99.56,99.78,33,32927.6,6,25.9,14.92,14.66,358.0,0.98,OK
2026-05-11,RU000A107UW1,RU000A107UW1,Газпн3P10R,Газпром нефть БО 003P-10R,TQCB,exchange_bond,2027-02-12,,1000.0,SUR,50000000.0,,0.0,0.0,12.0,,100.21,100.07,100.44,100.28,100.22,9359,9379124.8,249,10.16,15.3,15.4,260.0,0.71,OK
2026-05-11,RU000A107UX9,RU000A107UX9,Газпн3P11R,Газпром нефть БО 003P-11R,TQCB,exchange_bond,2027-02-24,,1000.0,SUR,20000000.0,,0.0,0.0,4.0,,100.13,100.11,100.14,100.11,100.12,4,4004.9,4,33.41,15.24,15.22,268.0,0.73,OK
2026-05-11,RU000A107WL0,RU000A107WL0,ИКС5Фин3P4,ИКС 5 ФИНАНС 003P-04,TQCB,exchange_bond,2034-02-28,,1000.0,SUR,10000000.0,,16.6,41.39,4.0,,100.08,100.0,100.15,100.14,100.12,308,308368.5,31,28.2,15.24,15.31,118.0,0.32,OK
2026-05-11,RU000A1083A6,RU000A1083A6,НорНикБ1P7,ГМК Нор.никель БО-001Р-07,TQCB,exchange_bond,2029-02-28,,1000.0,SUR,100000000.0,,16.3,13.4,12.0,,100.05,99.84,100.07,99.97,99.94,7481,7476502.3,184,11.61,14.38,14.4,843.0,2.31,OK
2026-05-11,RU000A1083U4,RU000A1083U4,МТС 2P-04,Мобильные ТелеСистемы 002P-04,TQCB,exchange_bond,2027-09-23,,1000.0,SUR,17000000.0,,0.0,0.0,4.0,,99.3,99.26,99.38,99.38,99.33,327,324794.0,36,20.24,15.23,15.27,452.0,1.24,OK
2026-05-11,RU000A1083W0,RU000A1083W0,МТС 2P-05,Мобильные ТелеСистемы 002P-05,TQCB,exchange_bond,2027-09-23,,1000.0,SUR,25000000.0,,0.0,0.0,4.0,,99.53,99.31,99.61,99.5,99.47,1130,1124052.9,142,20.47,15.19,15.21,452.0,1.24,OK
2026-05-11,RU000A108447,RU000A108447,Росагрл1Р5,Росагролизинг 001P-05,TQCB,corporate_bond,2029-05-02,,1000.0,SUR,7000000.0,,16.73,14.21,12.0,,96.71,96.71,97.05,97.04,96.95,313,303440.2,33,13.29,16.28,16.33,875.0,2.4,OK
2026-05-11,RU000A108EF8,SU26247RMFS5,ОФЗ 26247,ОФЗ-ПД 26247 11/05/39,TQOB,ofz_bond,2039-05-11,,1000.0,SUR,1000000000.0,,12.25,61.08,2.0,,88.649,88.41,88.897,88.786,88.703,366059,324703910.03,6467,55.71,14.66,14.68,2217.0,6.07,OK
2026-05-11,RU000A108EG6,SU26245RMFS9,ОФЗ 26245,ОФЗ-ПД 26245 26/09/35,TQOB,ofz_bond,2035-09-26,,1000.0,SUR,1250000000.0,,12.0,59.84,2.0,,88.85,88.752,89.0,88.998,88.952,60515,53829130.98,2747,10.85,14.65,14.66,2039.0,5.59,OK
2026-05-11,RU000A108EH4,SU26248RMFS3,ОФЗ 26248,ОФЗ-ПД 26248 16/05/40,TQOB,ofz_bond,2040-05-16,,1000.0,SUR,1000000000.0,,12.25,61.08,2.0,,88.379,88.379,88.81,88.7,88.625,344524,305334666.56,7395,53.36,14.62,14.63,2282.0,6.25,OK
2026-05-11,RU000A108G05,RU000A108G05,ЕврХол3P01,ЕвразХолдинг Финанс 003P-01,TQCB,exchange_bond,2026-11-07,,1000.0,SUR,40000000.0,,0.0,0.0,12.0,,100.2,99.98,100.2,100.1,100.07,1365,1365992.4,113,0.0,15.84,15.91,174.0,0.48,OK
2026-05-11,RU000A108GR8,RU000A108GR8,Ростел1P7R,Ростелеком ПАО 001P-07R,TQCB,exchange_bond,2027-05-20,,1000.0,SUR,15000000.0,,0.0,0.0,4.0,,100.18,100.18,100.19,100.18,100.18,17,17030.7,5,36.4,13.87,13.87,342.0,0.94,OK
2026-05-11,RU000A108JV4,RU000A108JV4,ГазпКап3P2,Газпром капитал БО-003Р-02,TQCB,exchange_bond,2028-05-07,,1000.0,SUR,40000000.0,,0.0,0.0,12.0,,99.36,99.31,99.87,99.59,99.74,13725,13689959.6,2447,10.13,14.67,14.57,631.0,1.73,OK
2026-05-11,RU000A108VL0,RU000A108VL0,ГПБ005P12P,ГПБ (АО) БО 005Р-12Р,TQCB,exchange_bond,2028-02-01,,1000.0,SUR,537366.0,,15.0,12.74,12.0,,98.32,98.29,99.5,98.73,98.79,1059,1046214.7,143,4.11,14.64,14.6,563.0,1.54,OK
2026-05-11,RU000A108Y86,RU000A108Y86,Европлн1Р7,ПАО ЛК Европлан 001P-07,TQCB,exchange_bond,2027-06-24,,1000.0,SUR,12000000.0,,0.0,0.0,12.0,,100.37,100.03,100.48,100.19,100.33,1169,1172842.2,150,4.98,15.97,15.74,256.0,0.7,OK
2026-05-11,RU000A108Z85,RU000A108Z85,РЖД 1Р-32R,РЖД БО 001P-32R,TQCB,exchange_bond,2029-08-18,,1000.0,SUR,45000000.0,,15.99,13.58,12.0,,97.96,97.76,98.3,98.3,98.17,4012,3938482.7,351,6.13,14.97,15.03,961.0,2.63,OK
2026-05-11,RU000A108Z93,RU000A108Z93,ВТБЛИЗ 1Р1,ВТБ Лизинг 001Р-МБ-01,TQCB,exchange_bond,2026-07-02,,1000.0,SUR,1000000.0,,17.75,14.59,12.0,,100.75,100.41,101.0,100.52,100.65,350,352283.9,36,3.89,14.89,13.82,51.0,0.14,OK
2026-05-11,RU000A108ZH9,RU000A108ZH9,Славнеф2Р5,Славнефть БО 002Р-05,TQCB,exchange_bond,2034-05-15,,1000.0,SUR,10000000.0,,0.0,0.0,12.0,,99.52,99.46,99.94,99.94,99.67,548,546214.8,77,6.18,15.39,15.69,376.0,1.03,OK
2026-05-11,RU000A108ZT4,RU000A108ZT4,РСЭКСМБ2Р5,РОСЭКСИМБАНК 002P-05,TQCB,exchange_bond,2034-07-05,,1000.0,SUR,15000000.0,,0.0,0.0,4.0,,100.45,100.4,100.45,100.45,100.43,21,21089.5,13,11.93,15.17,15.19,400.0,1.1,OK
2026-05-11,RU000A109098,RU000A109098,iПозитивР1,Группа Позитив 001Р-01,TQCB,exchange_bond,2027-07-04,,1000.0,SUR,5000000.0,,0.0,0.0,12.0,,100.44,100.02,100.5,100.15,100.26,1411,1414651.8,214,0.44,15.49,15.37,386.0,1.06,OK
2026-05-11,RU000A1094F2,RU000A1094F2,ЧеркизБ1P7,ГруппаЧеркизово БО-001Р-07,TQCB,exchange_bond,2027-07-15,,1000.0,SUR,7000000.0,,0.0,0.0,12.0,,100.17,99.83,100.6,100.15,100.27,505,506356.1,125,8.85,15.05,14.92,393.0,1.08,OK
2026-05-11,RU000A109528,RU000A109528,Россет1Р13,Россети ПАО БО 001P-13R,TQCB,exchange_bond,2027-07-18,,1000.0,SUR,65000000.0,,0.0,0.0,12.0,,100.16,100.06,100.39,100.24,100.21,184,184395.0,47,7.34,14.54,14.58,397.0,1.09,OK
2026-05-11,RU000A1097S8,RU000A1097S8,ГПБ005P04P,ГПБ (АО) БО 005Р-04Р,TQCB,exchange_bond,2028-02-08,,1000.0,SUR,779689.0,,0.0,0.0,4.0,,98.62,98.62,98.94,98.63,98.73,181,178703.5,52,39.53,14.87,14.8,576.0,1.58,OK
2026-05-11,RU000A109B33,RU000A109B33,Газпн3P13R,Газпром нефть БО 003P-13R,TQCB,exchange_bond,2028-02-09,,1000.0,SUR,55000000.0,,0.0,0.0,12.0,,100.07,99.89,100.2,100.13,100.09,4492,4495839.2,210,9.27,14.56,14.59,563.0,1.54,OK
2026-05-11,RU000A109JS8,RU000A109JS8,РостелP11R,Ростелеком ПАО 001P-11R,TQCB,exchange_bond,2027-09-13,,1000.0,SUR,15000000.0,,0.0,0.0,4.0,,100.03,100.03,100.05,100.05,100.05,61,61028.6,5,24.92,14.6,14.6,442.0,1.21,OK
2026-05-11,RU000A109JW0,RU000A109JW0,КАМАЗ БП12,КАМАЗ ПАО БО-П12,TQCB,exchange_bond,2027-09-14,,1000.0,SUR,8000000.0,,0.0,0.0,4.0,,96.38,96.26,96.69,96.66,96.6,149,143928.7,41,24.92,18.16,18.22,441.0,1.21,OK
2026-05-11,RU000A109K40,RU000A109K40,ФосАгро П2,ФосАгро БО-П02,TQCB,exchange_bond,2026-09-08,,1000.0,SUR,35000000.0,,0.0,0.0,12.0,,100.21,100.1,100.4,100.34,100.33,5127,5143940.4,190,0.0,14.89,14.93,117.0,0.32,OK
2026-05-11,RU000A109KC0,RU000A109KC0,ИКС5Фин3P6,ИКС 5 ФИНАНС 003P-06,TQCB,exchange_bond,2035-11-04,,1000.0,SUR,26000000.0,,14.4,11.84,12.0,,101.45,101.42,102.73,102.31,102.22,180,183990.7,57,6.31,13.5,13.57,500.0,1.37,OK
2026-05-11,RU000A109KW8,RU000A109KW8,НКНХ 1Р-03,Нижнекамскнефтехим об. 001Р-03,TQCB,exchange_bond,2031-08-15,,1000.0,SUR,7500000.0,,16.2,13.32,12.0,,99.83,99.51,99.96,99.61,99.8,137,136728.5,35,12.43,14.73,14.6,584.0,1.6,OK
2026-05-11,RU000A109L49,RU000A109L49,АЛРОСА1Р1,АЛРОСА 001Р-01,TQCB,exchange_bond,2028-09-02,,1000.0,SUR,45000000.0,,0.0,0.0,12.0,,99.64,99.64,100.13,99.84,99.92,1953,1951356.9,141,10.96,14.45,14.41,718.0,1.97,OK
2026-05-11,RU000A109R19,RU000A109R19,ГПБФин1Р2,ГПБ Финанс 001Р-02Р,TQCB,exchange_bond,2027-10-24,,1000.0,SUR,10000000.0,,0.0,0.0,4.0,,99.6,99.6,99.61,99.61,99.61,1202,1197288.2,3,6.67,15.23,15.23,483.0,1.32,OK
2026-05-11,RU000A109RR3,RU000A109RR3,Ульоб34009,Минфин Ульяновской обл. 34009,TQCB,subfederal_bond,2029-10-04,,1000.0,SUR,3000000.0,,22.5,56.1,4.0,,118.73,117.85,118.73,118.46,118.23,1255,1483810.6,191,1.23,14.69,14.79,765.0,2.1,OK
2026-05-11,RU000A109S91,RU000A109S91,РСетиМР1P7,ПАО Россети Моск.рег. БО1Р07,TQCB,exchange_bond,2026-10-01,,1000.0,SUR,5000000.0,,0.0,0.0,12.0,,100.37,100.37,100.38,100.37,100.38,11,11041.6,3,3.0,14.9,14.87,138.0,0.38,OK
2026-05-11,RU000A109TJ6,RU000A109TJ6,ПСБ 3P-09,"ПАО ""ПСБ"" 003P-09",TQCB,exchange_bond,2027-10-15,,1000.0,SUR,17000000.0,,16.5,14.01,12.0,,100.6,100.44,101.18,100.57,100.62,1610,1620038.5,153,5.42,14.56,14.51,471.0,1.29,OK
2026-05-11,RU000A109TW9,RU000A109TW9,НорНик Б10,ГМК Нор.никель БО-10,TQCB,exchange_bond,2029-09-26,,1000.0,SUR,100000000.0,,0.0,0.0,12.0,,100.4,99.59,100.4,100.0,100.02,200,200045.0,53,11.36,14.25,14.24,741.0,2.03,OK
2026-05-11,RU000A109UD7,RU000A109UD7,Атомэнпр03,Атомэнергопром АО 001Р-03,TQCB,exchange_bond,2027-10-08,,1000.0,SUR,20000000.0,,0.0,0.0,12.0,,100.37,100.13,100.51,100.48,100.32,687,689212.5,89,11.02,14.42,14.56,463.0,1.27,OK
2026-05-11,RU000A109VL8,RU000A109VL8,СовкомБОП5,Совкомбанк БО-П05,TQCB,exchange_bond,2027-10-10,,1000.0,SUR,20507209.0,,0.0,0.0,12.0,,100.68,100.4,100.69,100.6,100.56,3581,3601124.0,159,10.6,15.16,15.19,462.0,1.27,OK
2026-05-11,RU000A109VM6,RU000A109VM6,КАМАЗ БП13,КАМАЗ ПАО БО-П13,TQCB,exchange_bond,2026-10-15,,1000.0,SUR,5000000.0,,0.0,0.0,12.0,,99.26,99.2,99.4,99.39,99.39,1475,1466009.3,45,10.45,18.4,18.4,150.0,0.41,OK
2026-05-11,RU000A10A349,RU000A10A349,РусГид2Р01,РусГидро БО-002Р-01,TQCB,exchange_bond,2026-11-04,,1000.0,SUR,40000000.0,,0.0,0.0,12.0,,100.63,100.63,100.84,100.66,100.78,6391,6440802.7,140,1.36,15.26,14.96,170.0,0.47,OK
2026-05-11,RU000A10A4S7,RU000A10A4S7,ФосАгро2П1,ФосАгро БО-02-01,TQCB,exchange_bond,2029-10-27,,1000.0,SUR,30371791.0,,0.0,13.79,12.0,,101.38,101.37,101.89,101.62,101.73,369,375375.2,58,11.53,13.21,12.97,181.0,0.5,OK
2026-05-11,RU000A10A7S0,RU000A10A7S0,iСелктл1Р5,Селектел 001P-05R,TQCB,exchange_bond,2027-05-23,,1000.0,SUR,4000000.0,,0.0,0.0,12.0,,102.98,102.58,103.24,102.94,103.0,2939,3027157.7,122,6.66,14.72,14.65,345.0,0.95,OK
2026-05-11,RU000A10A8H1,RU000A10A8H1,РусГид2Р04,РусГидро БО-002Р-04,TQCB,exchange_bond,2026-06-28,,1000.0,SUR,11500000.0,,23.0,18.9,12.0,,101.01,101.0,101.72,101.07,101.16,1305,1320190.0,119,7.56,15.55,14.75,46.0,0.13,OK
2026-05-11,RU000A10ABC2,RU000A10ABC2,Новосиб 26,Новосибирская область 34026,TQCB,subfederal_bond,2027-11-28,,700.0,SUR,27800000.0,,19.0,10.93,12.0,,103.98,103.51,104.01,103.79,103.72,2641,1917440.21,250,1.46,13.57,13.67,285.0,0.78,OK
2026-05-11,RU000A10AC91,RU000A10AC91,Башкорт24,Республика Башкортостан 34014,TQCB,subfederal_bond,2027-12-14,,900.0,SUR,10500000.0,,23.75,17.57,12.0,,109.31,108.41,109.34,109.34,109.14,1817,1784818.26,187,0.0,14.34,14.57,327.0,0.9,OK
2026-05-11,RU000A10AFX9,RU000A10AFX9,sМЕТАЛИ1P9,МЕТАЛЛОИНВЕСТ 001P-09,TQCB,exchange_bond,2026-06-17,,1000.0,SUR,10000000.0,,0.0,0.0,12.0,,100.2,100.12,100.24,100.15,100.17,311,311513.4,35,10.93,16.08,15.85,36.0,0.1,OK
2026-05-11,RU000A10ASC6,RU000A10ASC6,Европлн1Р9,ПАО ЛК Европлан 001P-09,TQCB,exchange_bond,2028-07-14,,900.0,SUR,16000000.0,,24.0,17.75,12.0,,111.23,110.52,111.89,111.06,111.07,5719,5717128.68,600,8.88,14.54,14.53,380.0,1.04,OK
2026-05-11,RU000A10ASW4,RU000A10ASW4,КАМАЗ БП14,КАМАЗ ПАО БО-П14,TQCB,exchange_bond,2027-01-25,,1000.0,SUR,10000000.0,,0.0,0.0,12.0,,100.28,100.0,100.44,100.26,100.28,1171,1174258.2,109,5.44,17.76,17.72,243.0,0.67,OK
2026-05-11,RU000A10AT35,RU000A10AT35,ИКС5Ф3P11,ИКС 5 ФИНАНС 003P-11,TQCB,exchange_bond,2035-03-02,,1000.0,SUR,15000000.0,,17.25,14.18,12.0,,103.56,102.81,103.95,103.45,103.49,2379,2462137.4,223,10.87,13.72,13.67,287.0,0.79,OK
2026-05-11,RU000A10AV98,RU000A10AV98,МТС 1P-28,Мобильные ТелеСистемы 001P-28,TQCB,exchange_bond,2028-01-30,,1000.0,SUR,20000000.0,,21.75,17.88,12.0,,101.02,100.81,101.2,101.2,101.09,3389,3425826.3,410,0.6,9.14,10.43,34.0,0.09,OK
2026-05-11,RU000A10AZ60,RU000A10AZ60,РЖД 1Р-38R,РЖД БО 001P-38R,TQCB,exchange_bond,2030-03-02,,1000.0,SUR,30000000.0,,17.9,14.71,12.0,,112.31,112.31,113.19,113.19,113.06,5456,6168283.3,337,9.32,14.31,14.36,1034.0,2.83,OK
2026-05-11,RU000A10B0A2,RU000A10B0A2,Магнит5P03,Магнит ПАО БО-005Р-03,TQCB,exchange_bond,2026-08-27,,1000.0,SUR,84800000.0,,0.0,0.0,12.0,,100.47,100.27,100.47,100.33,100.37,5885,5906933.4,109,5.49,15.84,15.68,105.0,0.29,OK
2026-05-11,RU000A10B115,RU000A10B115,РЖД 1Р-40R,РЖД БО 001P-40R,TQCB,exchange_bond,2035-01-14,,1000.0,SUR,40000000.0,,17.65,14.51,12.0,,112.15,111.99,112.2,112.2,112.19,6658,7469647.5,211,4.84,14.58,14.58,1080.0,2.96,OK
2026-05-11,RU000A10B1N3,RU000A10B1N3,МТС 2P-07,Мобильные ТелеСистемы 002P-07,TQCB,exchange_bond,2028-02-23,,1000.0,SUR,20000000.0,,14.6,12.0,12.0,,101.18,100.7,101.44,100.81,100.82,647,652321.6,124,2.8,14.41,14.39,279.0,0.76,OK
2026-05-11,RU000A10B214,RU000A10B214,РостелP15R,Ростелеком ПАО 001P-15R,TQCB,exchange_bond,2027-03-02,,1000.0,SUR,15000000.0,,18.75,15.41,12.0,,104.54,104.04,104.54,104.32,104.24,2286,2382857.6,160,2.57,13.88,14.0,275.0,0.75,OK
2026-05-11,RU000A10B487,RU000A10B487,ДелПорт1P4,ДелоПортс ООО БО 001P-04,TQCB,exchange_bond,2026-09-11,,1000.0,SUR,15000000.0,,20.75,17.05,12.0,,101.79,101.54,101.79,101.73,101.65,3933,3997925.9,171,15.35,16.53,16.81,117.0,0.32,OK
2026-05-11,RU000A10B495,RU000A10B495,РЖД 1Р-41R,РЖД БО 001P-41R,TQCB,exchange_bond,2040-03-01,,1000.0,SUR,30000000.0,,17.15,42.76,4.0,,107.5,106.91,107.63,107.1,107.11,6679,7153639.0,103,24.9,14.85,14.84,834.0,2.28,OK
2026-05-11,RU000A10B4D8,RU000A10B4D8,МЕТАЛИНP13,МЕТАЛЛОИНВЕСТ 001P-13,TQCB,exchange_bond,2027-03-10,,1000.0,SUR,30000000.0,,0.0,0.0,12.0,,100.56,100.4,100.57,100.55,100.52,63,63324.6,17,12.41,15.36,15.41,282.0,0.77,OK
2026-05-11,RU000A10B4U2,RU000A10B4U2,СибурХ1Р04,СИБУР Холдинг 001Р-04,TQCB,exchange_bond,2032-03-17,,1000.0,SUR,50000000.0,,0.0,14.15,12.0,,101.11,100.88,101.27,101.01,101.14,1341,1356278.2,72,10.89,15.59,15.55,1297.0,3.55,OK
2026-05-11,RU000A10B4X6,RU000A10B4X6,СибурХ1Р06,СИБУР Холдинг 001Р-06,TQCB,exchange_bond,2032-03-17,,1000.0,SUR,43000000.0,,0.0,14.15,12.0,,101.11,100.83,101.7,101.69,101.5,1017,1032250.3,76,10.89,15.38,15.44,1298.0,3.56,OK
2026-05-11,RU000A10BBE6,RU000A10BBE6,Новотр 1Р6,ХК Новотранс 001P-06,TQCB,exchange_bond,2028-09-22,,1000.0,SUR,10500000.0,,18.75,15.41,12.0,,108.37,106.32,108.85,107.09,108.09,1744,1885170.9,193,2.57,15.73,15.11,628.0,1.72,OK
2026-05-11,RU000A10BF48,RU000A10BF48,ЯНДЕКС1Р1,МКПАО ЯНДЕКС 001Р-01,TQCB,exchange_bond,2027-04-11,,1000.0,SUR,40000000.0,,0.0,0.0,12.0,,101.02,100.03,101.02,100.9,100.79,2855,2877527.8,196,11.3,14.6,14.74,311.0,0.85,OK
2026-05-11,RU000A10BFG2,RU000A10BFG2,Атомэнпр05,Атомэнергопром АО 001Р-05,TQCB,exchange_bond,2030-04-11,,1000.0,SUR,40000000.0,,17.3,43.13,4.0,,110.78,110.48,110.78,110.62,110.67,3753,4153502.0,344,11.85,14.47,14.45,1076.0,2.95,OK
2026-05-11,RU000A10BG05,RU000A10BG05,Мегафон2Р8,МегаФон ПАО БО-002Р-08,TQCB,exchange_bond,2027-03-13,,1000.0,SUR,15000000.0,,0.0,0.0,12.0,,100.47,100.47,101.28,101.03,100.94,16,16150.7,7,10.91,14.68,14.81,285.0,0.78,OK
2026-05-11,RU000A10BG13,RU000A10BG13,РостелP16R,Ростелеком ПАО 001P-16R,TQCB,exchange_bond,2027-04-12,,1000.0,SUR,15000000.0,,17.65,14.51,12.0,,103.71,103.71,104.22,104.17,104.11,502,522638.3,77,11.61,13.59,13.67,309.0,0.85,OK
2026-05-11,RU000A10BGF2,RU000A10BGF2,РЖД 1Р-42R,РЖД БО 001P-42R,TQCB,exchange_bond,2040-04-05,,1000.0,SUR,30000000.0,,17.4,14.3,12.0,,108.39,107.9,108.95,108.69,108.68,2871,3120286.6,119,10.49,14.65,14.66,842.0,2.31,OK
2026-05-11,RU000A10BGJ4,RU000A10BGJ4,Аэрофл2Б01,Аэрофлот П02-БО-01,TQCB,exchange_bond,2028-04-08,,1000.0,SUR,45000000.0,,0.0,0.0,12.0,,101.46,101.12,101.58,101.54,101.48,1586,1609466.9,154,10.38,14.69,14.74,603.0,1.65,OK
2026-05-11,RU000A10BGY3,RU000A10BGY3,МТС 2P-10,Мобильные ТелеСистемы 002P-10,TQCB,exchange_bond,2030-03-30,,1000.0,SUR,15000000.0,,19.25,15.82,12.0,,101.25,100.81,101.96,101.09,101.19,2360,2388193.5,155,11.08,14.41,13.82,69.0,0.19,OK
2026-05-11,RU000A10BK09,RU000A10BK09,Газпн3P14R,Газпром нефть БО 003P-14R,TQCB,exchange_bond,2027-04-27,,1000.0,SUR,42500000.0,,0.0,0.0,12.0,,101.08,101.0,101.28,101.27,101.15,1782,1802573.4,74,4.08,14.63,14.78,326.0,0.89,OK
2026-05-11,RU000A10BK17,RU000A10BK17,Газпн3P15R,Газпром нефть БО 003P-15R,TQCB,exchange_bond,2030-04-11,,1000.0,SUR,120000000.0,,2.0,1.64,12.0,,64.99,64.9,64.99,64.99,64.97,4416,2869082.9,411,0.49,14.44,14.45,1358.0,3.72,OK
2026-05-11,RU000A10BNF8,RU000A10BNF8,РусГидБП13,РусГидро (ПАО) БО-П13,TQCB,exchange_bond,2027-08-11,,1000.0,SUR,15000000.0,,17.35,14.26,12.0,,105.4,104.35,105.46,104.64,104.99,1282,1346019.3,181,10.93,14.14,13.8,410.0,1.12,OK
2026-05-11,RU000A10BP38,RU000A10BP38,Якут-34005,Республика Саха (Якутия) 34005,TQCB,subfederal_bond,2028-05-11,,1000.0,SUR,7700000.0,,17.0,13.97,12.0,,102.21,102.21,102.21,102.21,102.21,1,1022.1,1,8.85,13.5,13.5,464.0,1.27,OK
2026-05-11,RU000A10BP79,RU000A10BP79,МТС 2P-11,Мобильные ТелеСистемы 002P-11,TQCB,exchange_bond,2030-05-01,,1000.0,SUR,15000000.0,,19.0,15.62,12.0,,102.9,102.65,103.1,102.82,102.79,951,977495.7,79,9.89,14.37,14.44,185.0,0.51,OK
2026-05-11,RU000A10BQD6,RU000A10BQD6,МЕТАЛИНP14,МЕТАЛЛОИНВЕСТ 001P-14,TQCB,exchange_bond,2028-05-18,,1000.0,SUR,45000000.0,,0.0,0.0,12.0,,100.49,100.27,100.49,100.49,100.36,9,9032.3,5,5.46,14.87,14.96,638.0,1.75,OK
2026-05-11,RU000A10BQX4,RU000A10BQX4,РСетиСЗ1Р1,Россети Северо-Запад 001Р-01,TQCB,exchange_bond,2027-05-26,,1000.0,SUR,5000000.0,,16.9,13.89,12.0,,100.91,100.9,101.21,101.21,100.96,155,156487.5,28,4.63,14.5,14.8,351.0,0.96,OK
2026-05-11,RU000A10BRR4,RU000A10BRR4,РусГид2Р06,РусГидро БО-002Р-06,TQCB,exchange_bond,2027-05-30,,1000.0,SUR,50000000.0,,0.0,0.0,12.0,,100.9,100.75,100.9,100.87,100.84,271,273279.6,40,2.69,14.93,14.97,355.0,0.97,OK
2026-05-11,RU000A10BTA6,RU000A10BTA6,РЖД 1Р-43R,РЖД БО 001P-43R,TQCB,exchange_bond,2035-04-27,,1000.0,SUR,40000000.0,,15.9,13.07,12.0,,105.06,104.73,105.21,105.16,105.09,3910,4109021.8,98,11.76,14.73,14.76,887.0,2.43,OK
2026-05-11,RU000A10BTC2,RU000A10BTC2,РостелP18R,Ростелеком ПАО 001P-18R,TQCB,exchange_bond,2027-06-08,,1000.0,SUR,15000000.0,,0.0,13.62,12.0,,101.18,100.88,102.0,101.34,101.54,821,833662.0,31,12.28,14.27,14.05,360.0,0.99,OK
2026-05-11,RU000A10BTJ7,RU000A10BTJ7,Ульоб34010,Минфин Ульяновской обл. 34010,TQCB,subfederal_bond,2028-07-14,,1000.0,SUR,4000000.0,,18.5,46.12,4.0,,104.1,104.06,104.4,104.38,104.27,780,813281.0,181,12.16,15.02,15.14,384.0,1.05,OK
2026-05-11,RU000A10BV22,RU000A10BV22,Башкорт25,Республика Башкортостан 34015,TQCB,subfederal_bond,2027-06-22,,1000.0,SUR,7000000.0,,16.25,13.36,12.0,,103.91,102.2,103.98,103.24,103.21,189,195060.9,45,9.35,13.17,13.21,306.0,0.84,OK
2026-05-11,RU000A10BW62,RU000A10BW62,МТС 2P-12,Мобильные ТелеСистемы 002P-12,TQCB,exchange_bond,2030-06-01,,1000.0,SUR,15000000.0,,18.0,14.79,12.0,,100.5,100.32,100.59,100.39,100.45,729,732256.3,123,8.88,15.73,15.16,43.0,0.12,OK
2026-05-11,RU000A10BW70,RU000A10BW70,Томскобл25,Томская область 34074,TQCB,subfederal_bond,2028-03-13,,1000.0,SUR,5000000.0,,18.25,15.0,12.0,,106.53,106.0,106.77,106.5,106.25,601,638590.6,159,10.0,14.99,15.16,550.0,1.51,OK
2026-05-11,RU000A10C5F9,RU000A10C5F9,ЧеркизБ2P2,ГруппаЧеркизово БО-002P-02,TQCB,exchange_bond,2027-07-12,,1000.0,SUR,10000000.0,,0.0,0.0,12.0,,100.68,100.67,100.89,100.89,100.88,291,293546.9,15,10.6,15.01,15.02,388.0,1.06,OK
2026-05-11,RU000A10C5Y0,RU000A10C5Y0,ИКС5Фи3P13,ИКС 5 ФИНАНС 003P-13,TQCB,exchange_bond,2035-07-06,,1000.0,SUR,11000000.0,,14.1,11.59,12.0,,100.89,100.33,101.35,100.77,100.91,242,244203.5,37,6.57,14.34,14.22,452.0,1.24,OK
2026-05-11,RU000A10C618,RU000A10C618,Магнит4P08,Магнит ПАО БО-004Р-08,TQCB,exchange_bond,2027-09-12,,1000.0,SUR,75000000.0,,14.95,12.29,12.0,,102.23,101.93,102.43,102.11,102.17,1326,1354830.5,196,8.6,14.05,14.0,442.0,1.21,OK
2026-05-11,RU000A10C6L5,RU000A10C6L5,Атомэнпр07,Атомэнергопром АО 001Р-07,TQCB,exchange_bond,2030-07-19,,1000.0,SUR,80000000.0,,14.35,35.78,4.0,,101.63,101.52,101.79,101.75,101.74,6837,6955736.7,527,6.68,14.52,14.53,1171.0,3.21,OK
2026-05-11,RU000A10C6W2,RU000A10C6W2,Абрау2P-01,ПАО Абрау – Дюрсо 002P-01,TQCB,exchange_bond,2027-01-19,,1000.0,SUR,500000.0,,15.5,12.74,12.0,,101.54,101.15,101.59,101.58,101.38,228,231152.7,79,7.22,13.91,14.25,239.0,0.65,OK
2026-05-11,RU000A10C8C0,RU000A10C8C0,РЖД 1Р-44R,РЖД БО 001P-44R,TQCB,exchange_bond,2029-02-10,,1000.0,SUR,40000000.0,,13.95,11.47,12.0,,100.49,100.39,100.69,100.64,100.6,5007,5036935.8,412,5.35,14.57,14.59,836.0,2.29,OK
2026-05-11,RU000A10C8T4,RU000A10C8T4,СибурХ1Р07,СИБУР Холдинг 001Р-07,TQCB,exchange_bond,2029-02-11,,1000.0,SUR,40000000.0,,13.95,11.47,12.0,,101.74,101.54,102.14,101.82,101.78,2287,2327654.5,199,4.97,13.99,14.01,838.0,2.3,OK
2026-05-11,RU000A10CC24,RU000A10CC24,РусГид2Р07,РусГидро БО-002Р-07,TQCB,exchange_bond,2028-07-26,,1000.0,SUR,50000000.0,,13.85,11.38,12.0,,101.39,100.6,101.74,101.5,101.24,2239,2266853.3,285,1.14,13.87,14.02,699.0,1.92,OK
2026-05-11,RU000A10CC99,RU000A10CC99,МБЭС 2P-04,Межд.Банк Эк.Сотруд. 002P-04,TQCB,corporate_bond,2035-06-23,,1000.0,SUR,6000000.0,,14.65,12.04,12.0,,100.88,100.86,101.33,101.32,100.98,398,401899.5,68,0.0,14.89,15.09,699.0,1.92,OK
2026-05-11,RU000A10CDZ5,RU000A10CDZ5,РЖД 1Р-45R,РЖД БО 001P-45R,TQCB,exchange_bond,2029-06-24,,1000.0,SUR,30000000.0,,13.85,11.38,12.0,,100.6,100.33,100.6,100.44,100.44,2985,2998191.2,235,0.0,14.56,14.56,931.0,2.55,OK
2026-05-11,RU000A10CF88,RU000A10CF88,ГПБ006Р01P,ГПБ (АО) БО 006Р-01P,TQCB,exchange_bond,2030-08-26,,1000.0,SUR,3422187.0,,,,,,55.66,55.49,56.23,55.57,55.82,149,83166.0,45,,14.67,14.55,1567.0,4.29,OK
2026-05-11,RU000A10CKZ0,RU000A10CKZ0,ЕврХол3P04,ЕвразХолдинг Финанс 003P-04,TQCB,exchange_bond,2028-02-13,,1000.0,SUR,60000000.0,,13.9,11.42,12.0,,100.5,100.02,101.02,100.45,100.34,1668,1673616.4,212,6.47,14.49,14.57,569.0,1.56,OK
2026-05-11,RU000A10CMD3,RU000A10CMD3,РостелP19R,Ростелеком ПАО 001P-19R,TQCB,exchange_bond,2027-10-22,,1000.0,SUR,20000000.0,,13.3,10.93,12.0,,100.1,99.61,100.21,99.9,99.89,464,463495.2,57,4.01,14.23,14.23,481.0,1.32,OK
2026-05-11,RU000A10CMT9,RU000A10CMT9,ЯНДЕКС1Р2,МКПАО ЯНДЕКС 001Р-02,TQCB,exchange_bond,2028-02-26,,1000.0,SUR,25000000.0,,13.5,11.1,12.0,,101.13,100.52,101.82,101.66,101.43,1854,1880484.2,348,1.48,13.21,13.37,585.0,1.6,OK
2026-05-11,RU000A10CP78,RU000A10CP78,ПСБ 4P-01,"ПАО ""ПСБ"" 004P-01",TQCB,exchange_bond,2028-09-05,,1000.0,SUR,25000000.0,,14.25,11.71,12.0,,101.85,101.71,101.97,101.97,101.93,1519,1548321.6,121,1.56,14.09,14.12,726.0,1.99,OK
2026-05-11,RU000A10CQ85,RU000A10CQ85,МТС 1P-29,Мобильные ТелеСистемы 001P-29,TQCB,exchange_bond,2030-08-17,,1000.0,SUR,15000000.0,,14.0,11.51,12.0,,100.35,99.75,101.68,100.31,100.47,453,455109.1,100,0.38,14.49,14.26,288.0,0.79,OK
2026-05-11,RU000A10CQG7,RU000A10CQG7,ГПБ006Р02P,ГПБ (АО) БО 006Р-02P,TQCB,exchange_bond,2030-09-25,,1000.0,SUR,1418565.0,,,,,,,,,,,0,0.0,0,,,,1597.0,4.38,OK
2026-05-11,RU000A10CS75,RU000A10CS75,Аэрофл2Б02,Аэрофлот П02-БО-02,TQCB,exchange_bond,2030-08-24,,1000.0,SUR,30000000.0,,0.0,0.0,12.0,,99.49,99.11,99.49,99.43,99.32,3402,3378841.6,305,10.81,15.03,15.07,1170.0,3.21,OK
2026-05-11,RU000A10CS91,RU000A10CS91,Росагрл2Р4,Росагролизинг 002P-04,TQCB,exchange_bond,2028-10-09,,1000.0,SUR,7000000.0,,0.0,0.0,12.0,,99.49,99.48,99.64,99.5,99.56,425,423137.9,17,7.81,15.55,15.51,740.0,2.03,OK
2026-05-11,RU000A10CSP4,RU000A10CSP4,Башкрт125,Республика Башкортостан 34016,TQCB,subfederal_bond,2027-09-20,,1000.0,SUR,5000000.0,,14.0,11.51,12.0,,100.81,100.81,103.0,102.92,102.02,34,34687.7,16,4.99,12.26,13.07,443.0,1.21,OK
2026-05-11,RU000A10CSQ2,RU000A10CSQ2,НоваБев3Р1,НоваБев Групп 003Р-01,TQCB,exchange_bond,2028-09-06,,1000.0,SUR,7000000.0,,14.5,11.92,12.0,,102.07,101.11,102.08,102.03,101.79,793,807227.0,155,8.34,14.23,14.38,653.0,1.79,OK
2026-05-11,RU000A10CSX8,RU000A10CSX8,ИКС5Фи3P14,ИКС 5 ФИНАНС 003P-14,TQCB,exchange_bond,2035-09-02,,1000.0,SUR,15000000.0,,0.0,0.0,12.0,,99.98,99.58,99.98,99.58,99.91,243,242770.8,22,8.27,14.55,14.37,728.0,1.99,OK
2026-05-11,RU000A10CT33,RU000A10CT33,Атомэнпр08,Атомэнергопром АО 001Р-08,TQCB,exchange_bond,2030-09-17,,1000.0,SUR,30000000.0,,14.7,36.65,4.0,,102.95,102.75,103.11,103.02,102.96,948,976079.9,144,19.33,14.49,14.51,1185.0,3.25,OK
2026-05-11,RU000A10CT41,RU000A10CT41,РостелP20R,Ростелеком ПАО 001P-20R,TQCB,exchange_bond,2028-09-07,,1000.0,SUR,15000000.0,,0.0,0.0,12.0,,99.62,99.11,100.2,99.76,99.93,267,266811.0,22,8.79,14.56,14.46,723.0,1.98,OK
2026-05-11,RU000A10CU89,RU000A10CU89,iСелктл1Р6,Селектел 001P-06R,TQCB,exchange_bond,2028-03-14,,1000.0,SUR,6000000.0,,15.4,12.66,12.0,,102.68,102.33,102.89,102.65,102.73,956,982052.3,182,7.17,14.67,14.61,586.0,1.61,OK
2026-05-11,RU000A10CWF7,RU000A10CWF7,ПГК3Р01,ПГК 003Р-01,TQCB,exchange_bond,2028-09-14,,1000.0,SUR,12000000.0,,15.75,12.95,12.0,,101.85,101.66,102.54,102.35,102.17,2720,2779085.6,325,5.61,15.58,15.68,719.0,1.97,OK
2026-05-11,RU000A10D1W2,RU000A10D1W2,Мегафн2Р10,МегаФон ПАО БО-002Р-10,TQCB,exchange_bond,2027-10-29,,1000.0,SUR,30000000.0,,0.0,0.0,12.0,,101.5,99.79,101.5,100.45,100.19,1063,1065025.3,146,1.72,14.28,14.5,485.0,1.33,OK
2026-05-11,RU000A10D2Q2,RU000A10D2Q2,ГазпКап3P6,Газпром капитал БО-003Р-06,TQCB,exchange_bond,2027-09-30,,1000.0,SUR,25000000.0,,0.0,0.0,12.0,,100.09,99.99,100.35,100.1,100.27,485,486324.9,33,1.31,14.94,14.79,460.0,1.26,OK
2026-05-11,RU000A10D3B2,RU000A10D3B2,РусГид2Р09,РусГидро БО-002Р-09,TQCB,exchange_bond,2028-09-28,,1000.0,SUR,5000000.0,,0.0,0.0,12.0,,100.2,99.9,101.48,101.38,100.68,100,100684.5,19,12.92,13.82,14.21,744.0,2.04,OK
2026-05-11,RU000A10D3C0,RU000A10D3C0,РусГид2Р08,РусГидро БО-002Р-08,TQCB,exchange_bond,2028-09-28,,1000.0,SUR,30000000.0,,15.45,12.7,12.0,,104.48,104.0,104.48,104.39,104.31,1433,1494737.8,174,12.28,14.13,14.18,737.0,2.02,OK
2026-05-11,RU000A10D3J5,RU000A10D3J5,ПочтаР3P01,Почта России 003P-01,TQCB,exchange_bond,2028-04-01,,1000.0,SUR,4770000.0,,17.2,14.14,12.0,,103.97,103.27,103.98,103.35,103.58,318,329399.3,21,13.67,16.25,16.1,596.0,1.63,OK
2026-05-11,RU000A10D3K3,RU000A10D3K3,ПочтаР3P02,Почта России 003P-02,TQCB,exchange_bond,2028-04-01,,1000.0,SUR,3930000.0,,0.0,0.0,12.0,,99.35,99.13,99.46,99.46,99.42,91,90473.4,26,14.11,16.8,16.83,600.0,1.64,OK
2026-05-11,RU000A10D459,RU000A10D459,МТС 2P-13,Мобильные ТелеСистемы 002P-13,TQCB,exchange_bond,2027-10-06,,1000.0,SUR,20000000.0,,0.0,13.53,12.0,,99.9,99.9,100.53,100.53,100.42,193,193815.7,46,12.21,14.83,14.93,459.0,1.26,OK
2026-05-11,RU000A10D491,RU000A10D491,ГПБ006Р03P,ГПБ (АО) БО 006Р-03P,TQCB,exchange_bond,2030-10-30,,1000.0,SUR,1096523.0,,,,,,54.02,53.22,54.62,54.39,53.7,1193,640627.6,77,,14.59,14.92,1632.0,4.47,OK
2026-05-11,RU000A10D4D6,RU000A10D4D6,Амур 31002,Минфин Амурской обл. 31002,TQCB,subfederal_bond,2027-10-17,,1000.0,SUR,2400000.0,,16.75,41.76,4.0,,103.03,103.0,103.77,103.53,103.47,388,401445.1,72,11.01,14.73,14.78,472.0,1.29,OK
2026-05-11,RU000A10D4F1,RU000A10D4F1,Россет1Р18,Россети ПАО БО 001P-18R,TQCB,exchange_bond,2032-09-10,,1000.0,SUR,23500000.0,,0.0,13.19,12.0,,100.44,100.06,100.92,100.92,100.34,11,11037.9,4,11.47,14.19,14.38,1244.0,3.41,OK
2026-05-11,RU000A10D517,SU26253RMFS3,ОФЗ 26253,ОФЗ-ПД 26253 06/10/2038,TQOB,ofz_bond,2038-10-06,,1000.0,SUR,750000000.0,,13.0,64.82,2.0,,92.98,92.97,93.319,93.308,93.187,214202,199608985.49,3774,6.77,14.66,14.68,2274.0,6.23,OK
2026-05-11,RU000A10D7Z2,RU000A10D7Z2,МСПФакт1P1,МСП Факторинг 001Р-01,TQCB,exchange_bond,2027-10-14,,1000.0,SUR,1000000.0,,0.0,0.0,12.0,,100.55,100.26,100.67,100.41,100.38,813,816127.2,109,9.26,16.47,16.49,463.0,1.27,OK
2026-05-11,RU000A10DA66,RU000A10DA66,Газпнф5P2R,Газпром нефть 005P-02R,TQCB,exchange_bond,2029-04-10,,1000.0,SUR,57000000.0,,0.0,0.0,12.0,,99.86,99.85,100.07,99.97,99.98,1993,1992523.2,85,6.67,14.67,14.66,872.0,2.39,OK
2026-05-11,RU000A10DBD4,RU000A10DBD4,Ульоб34011,Минфин Ульяновской обл. 34011,TQCB,subfederal_bond,2028-09-26,,1000.0,SUR,2000000.0,,17.5,43.63,4.0,,104.42,104.07,104.75,104.3,104.29,232,241948.9,40,19.66,15.4,15.41,543.0,1.49,OK
2026-05-11,RU000A10DCJ9,RU000A10DCJ9,РостелP21R,Ростелеком ПАО 001P-21R,TQCB,exchange_bond,2027-10-22,,1000.0,SUR,30000000.0,,0.0,0.0,12.0,,100.04,100.04,100.7,100.7,100.39,128,128497.1,24,4.85,14.43,14.7,477.0,1.31,OK
2026-05-11,RU000A10DDR0,RU000A10DDR0,ЯНДЕКС1Р3,МКПАО ЯНДЕКС 001Р-03,TQCB,exchange_bond,2028-11-02,,1000.0,SUR,40000000.0,,0.0,0.0,12.0,,100.91,100.31,102.22,100.94,100.8,896,903164.0,113,10.68,14.12,14.19,761.0,2.08,OK
2026-05-11,RU000A10DDU4,RU000A10DDU4,Магнит5P04,Магнит ПАО БО-005Р-04,TQCB,exchange_bond,2027-11-02,,1000.0,SUR,20000000.0,,0.0,0.0,12.0,,100.5,99.67,101.29,101.19,100.74,331,333463.2,60,0.0,13.93,14.31,488.0,1.34,OK
2026-05-11,RU000A10DEN7,RU000A10DEN7,ТомОб34075,Томская область 34075,TQCB,subfederal_bond,2028-12-06,,1000.0,SUR,8000000.0,,16.2,13.32,12.0,,103.93,103.02,104.06,103.77,103.66,963,998242.1,164,8.88,15.13,15.19,668.0,1.83,OK
2026-05-11,RU000A10DFN4,RU000A10DFN4,МТС 2P-14,Мобильные ТелеСистемы 002Р-14,TQCB,exchange_bond,2030-10-22,,1000.0,SUR,17000000.0,,0.0,13.59,12.0,,100.42,100.42,100.75,100.67,100.66,280,281851.4,29,11.36,14.63,14.63,761.0,2.08,OK
2026-05-11,RU000A10DG60,RU000A10DG60,Новосиб 27,Новосибирская область 34027,TQCB,subfederal_bond,2029-10-13,,1000.0,SUR,22500000.0,,15.1,37.65,4.0,,102.96,102.29,102.97,102.95,102.69,131,134526.2,38,9.52,14.41,14.55,779.0,2.13,OK
2026-05-11,RU000A10DHV3,RU000A10DHV3,Инаркт2Р5,ИНАРКТИКА 002Р-05,TQCB,exchange_bond,2028-11-03,,1000.0,SUR,2300000.0,,0.0,0.0,12.0,,100.19,100.1,100.2,100.1,100.14,117,117162.5,12,11.17,16.24,16.22,748.0,2.05,OK
2026-05-11,RU000A10DHX9,RU000A10DHX9,Инаркт2Р4,ИНАРКТИКА 002Р-04,TQCB,exchange_bond,2028-11-03,,1000.0,SUR,700000.0,,15.75,12.95,12.0,,103.29,103.29,105.04,104.28,104.03,1052,1094416.4,165,9.92,14.61,14.74,752.0,2.06,OK
2026-05-11,RU000A10DJA3,RU000A10DJA3,НижгорОб17,Нижегородская область 34017,TQCB,subfederal_bond,2028-12-04,,1000.0,SUR,15000000.0,,17.15,14.1,12.0,,100.31,100.31,100.69,100.64,100.6,672,676028.1,34,10.34,15.03,15.05,633.0,1.73,OK
2026-05-11,RU000A10DJR7,RU000A10DJR7,РЖД 1Р-49R,РЖД БО 001P-49R,TQCB,exchange_bond,2035-11-27,,1000.0,SUR,45000000.0,,16.47,13.99,12.0,,99.3,98.57,99.5,99.43,99.32,3306,3283612.7,141,7.22,15.13,15.19,725.0,1.99,OK
2026-05-11,RU000A10DLE1,RU000A10DLE1,ГазпКап3P7,Газпром капитал БО-003Р-07,TQCB,exchange_bond,2029-05-09,,1000.0,SUR,70000000.0,,0.0,0.0,12.0,,100.17,99.91,100.33,100.04,100.17,764,765302.3,73,7.12,14.63,14.57,891.0,2.44,OK
2026-05-11,RU000A10DLP7,RU000A10DLP7,ДФЮгр34002,Депфин Югры 34002,TQCB,subfederal_bond,2028-11-26,,1000.0,SUR,10000000.0,,14.8,36.9,4.0,,102.97,100.03,102.97,101.78,101.05,1089,1100405.0,107,28.79,14.24,14.81,517.0,1.42,OK
2026-05-11,RU000A10DM96,RU000A10DM96,Россет1Р19,Россети ПАО БО 001P-19R,TQCB,exchange_bond,2028-09-13,,1000.0,SUR,35000000.0,,0.0,0.0,12.0,,100.11,100.1,100.94,100.93,100.45,231,232041.4,32,6.14,13.95,14.22,729.0,2.0,OK
2026-05-11,RU000A10DMP5,RU000A10DMP5,ГПБ006Р04P,ГПБ (АО) БО 006Р-04P,TQCB,exchange_bond,2030-12-16,,1000.0,SUR,2832860.0,,,,,,53.64,53.1,53.96,53.7,53.56,1616,865580.4,89,,14.47,14.54,1679.0,4.6,OK
2026-05-11,RU000A10DMS9,RU000A10DMS9,ЯНАО34005,Деп Финансов ЯНАО 34005,TQCB,subfederal_bond,2028-12-01,,1000.0,SUR,36000000.0,,16.5,13.56,12.0,,100.48,100.33,100.64,100.6,100.56,221,222233.3,23,11.3,14.35,14.37,646.0,1.77,OK
2026-05-11,RU000A10DQL5,RU000A10DQL5,МЕТИН2P03,МЕТАЛЛОИНВЕСТ 002P-03,TQCB,exchange_bond,2030-12-02,,1000.0,SUR,20000000.0,,0.0,0.0,12.0,,100.27,100.12,100.39,100.35,100.3,1275,1278922.8,167,1.79,17.42,17.44,1184.0,3.24,OK
2026-05-11,RU000A10DRF5,RU000A10DRF5,Газпнф5P3R,Газпром нефть 005P-03R,TQCB,exchange_bond,2028-11-23,,1000.0,SUR,50000000.0,,0.0,0.0,12.0,,100.34,100.04,100.52,100.48,100.18,7193,7205791.2,88,1.32,14.54,14.7,781.0,2.14,OK
2026-05-11,RU000A10DS74,RU000A10DS74,Сбер Sb51R,Сбербанк ПАО 001Р-SBER51,TQCB,exchange_bond,2028-06-03,,1000.0,SUR,100000000.0,,14.85,12.21,12.0,,102.98,102.84,103.23,103.0,102.99,39139,40308045.0,1011,10.58,14.01,14.02,648.0,1.78,OK
2026-05-11,RU000A10DSG1,RU000A10DSG1,Новосиб 28,Новосибирская область 34028,TQCB,subfederal_bond,2028-12-26,,1000.0,SUR,17500000.0,,16.4,13.48,12.0,,101.01,100.55,101.01,100.82,100.76,445,448399.0,64,1.8,14.69,14.73,652.0,1.79,OK
2026-05-11,RU000A10DSL1,RU000A10DSL1,ПГК3Р02,ПГК 003Р-02,TQCB,exchange_bond,2030-11-16,,1000.0,SUR,23200000.0,,15.95,13.11,12.0,,101.6,101.46,101.9,101.6,101.65,5592,5684044.7,345,0.0,16.38,16.35,852.0,2.33,OK
2026-05-11,RU000A10DSM9,RU000A10DSM9,ПГК3Р03,ПГК 003Р-03,TQCB,exchange_bond,2030-11-16,,1000.0,SUR,8650000.0,,0.0,0.0,12.0,,100.04,100.04,100.48,100.39,100.37,382,383420.9,76,0.0,15.27,15.29,514.0,1.41,OK
2026-05-11,RU000A10DTG9,RU000A10DTG9,ВТБЛИЗ 1Р4,ВТБ Лизинг 001Р-МБ-04,TQCB,exchange_bond,2028-11-30,,920.0,SUR,3000000.0,,16.5,12.48,12.0,,103.0,102.58,103.44,103.29,103.2,440,417758.22,120,10.81,14.69,14.77,438.0,1.2,OK
2026-05-11,RU000A10DWF5,RU000A10DWF5,Башкрт225,Республика Башкортостан 24017,TQCB,subfederal_bond,2029-11-27,,1000.0,SUR,4000000.0,,16.75,13.77,12.0,,101.88,101.54,101.89,101.89,101.87,85,86585.8,25,11.01,13.87,13.88,666.0,1.82,OK
2026-05-11,RU000A10DWQ2,RU000A10DWQ2,ТомОб34076,Томская область 34076,TQCB,subfederal_bond,2030-11-26,,1000.0,SUR,10000000.0,,16.0,39.45,4.0,,106.34,105.3,106.36,106.25,106.15,338,358783.7,82,21.92,14.69,14.73,1102.0,3.02,OK
2026-05-11,RU000A10DY92,RU000A10DY92,АЛРОСА2Р1,АЛРОСА 002Р-01,TQCB,exchange_bond,2027-12-13,,1000.0,SUR,20000000.0,,0.0,0.0,12.0,,100.55,100.54,100.84,100.84,100.77,32,32247.8,6,8.37,14.13,14.19,517.0,1.42,OK
2026-05-11,RU000A10DYC8,RU000A10DYC8,ФПК2Р01,ФПК 002Р-01,TQCB,exchange_bond,2028-06-10,,1000.0,SUR,30000000.0,,15.4,12.66,12.0,,103.98,102.89,103.98,103.15,103.14,2454,2530961.6,174,8.02,14.54,14.55,652.0,1.79,OK
2026-05-11,RU000A10DYG9,RU000A10DYG9,Атомэнпр10,Атомэнергопром АО 001Р-10,TQCB,exchange_bond,2031-06-18,,1000.0,SUR,25000000.0,,15.15,37.77,4.0,,105.38,105.12,105.71,105.48,105.45,2350,2477957.5,259,19.51,14.35,14.36,1321.0,3.62,OK
2026-05-11,RU000A10DYH7,RU000A10DYH7,ГПБФин1Р7,ГПБ Финанс 001Р-07Р,TQCB,exchange_bond,2027-06-17,,1000.0,SUR,20000000.0,,0.0,0.0,12.0,,100.19,99.98,100.19,100.18,100.16,9,9014.3,4,7.29,11.92,12.31,21.0,0.06,OK
2026-05-11,RU000A10DYP0,RU000A10DYP0,ИКС5Фи3P15,ИКС 5 ФИНАНС 003P-15,TQCB,exchange_bond,2035-12-03,,1000.0,SUR,20000000.0,,14.5,11.92,12.0,,101.29,101.17,102.81,101.93,101.91,118,120251.9,49,6.75,13.4,13.42,376.0,1.03,OK
2026-05-11,RU000A10DZL6,RU000A10DZL6,ТомОб35077,Томская область 35077,TQCB,subfederal_bond,2032-11-15,,1000.0,SUR,5000000.0,,17.8,43.89,4.0,,102.88,102.84,103.46,102.99,103.01,28,28842.3,12,24.38,14.62,14.62,1386.0,3.8,OK
2026-05-11,RU000A10DZN2,RU000A10DZN2,ТомОб35078,Томская область 35078,TQCB,subfederal_bond,2032-10-06,,1000.0,SUR,5000000.0,,15.1,37.23,4.0,,106.73,106.54,106.74,106.54,106.73,94,100329.4,19,20.68,14.11,14.06,1409.0,3.86,OK
2026-05-11,RU000A10DZT9,RU000A10DZT9,А101 1P03,А101 БО-001Р-03,TQCB,exchange_bond,2027-12-16,,1000.0,SUR,6350000.0,,0.0,0.0,12.0,,101.56,101.17,101.56,101.23,101.43,419,424988.7,21,8.22,16.85,16.68,510.0,1.4,OK
2026-05-11,RU000A10DZU7,RU000A10DZU7,А101 1P02,А101 БО-001Р-02,TQCB,exchange_bond,2027-12-16,,1000.0,SUR,4150000.0,,17.0,13.97,12.0,,102.99,102.71,103.41,102.97,102.88,1643,1690388.3,242,7.45,15.96,16.03,512.0,1.4,OK
2026-05-11,RU000A10DZW3,RU000A10DZW3,РЖД 1Р-50R,РЖД БО 001P-50R,TQCB,exchange_bond,2035-12-04,,1000.0,SUR,25000000.0,,15.35,12.62,12.0,,104.39,103.9,104.42,104.11,104.21,2346,2444780.4,235,6.73,14.78,14.74,995.0,2.73,OK
2026-05-11,RU000A10E5X0,RU000A10E5X0,РусГид2Р11,РусГидро БО-002Р-11,TQCB,exchange_bond,2028-04-16,,1000.0,SUR,30000000.0,,0.0,0.0,12.0,,100.23,99.83,100.66,100.51,100.06,551,551338.0,46,6.22,14.44,14.75,615.0,1.68,OK
2026-05-11,RU000A10E630,RU000A10E630,Газпнф5P4R,Газпром нефть 005P-04R,TQCB,exchange_bond,2029-01-12,,1000.0,SUR,138000000.0,,0.0,0.0,12.0,,100.03,100.02,100.4,100.17,100.39,471,472819.5,22,5.77,14.58,14.47,813.0,2.23,OK
2026-05-11,RU000A10E6Q2,RU000A10E6Q2,ИКС5Фи3P16,ИКС 5 ФИНАНС 003P-16,TQCB,exchange_bond,2036-01-14,,1000.0,SUR,20000000.0,,0.0,0.0,12.0,,100.01,100.0,100.54,100.24,100.09,68,68062.3,12,2.16,14.39,14.49,628.0,1.72,OK
2026-05-11,RU000A10E6V2,RU000A10E6V2,ИКС5Фи3P17,ИКС 5 ФИНАНС 003P-17,TQCB,exchange_bond,2036-01-12,,1000.0,SUR,15000000.0,,14.5,11.92,12.0,,102.62,101.44,102.62,101.92,102.0,936,954714.5,83,2.78,14.19,14.14,604.0,1.65,OK
2026-05-11,RU000A10E739,RU000A10E739,РостелP22R,Ростелеком ПАО 001P-22R,TQCB,exchange_bond,2028-07-23,,1000.0,SUR,15000000.0,,14.75,12.12,12.0,,104.68,103.07,104.68,104.09,103.92,564,586097.7,124,2.42,13.36,13.46,691.0,1.89,OK
2026-05-11,RU000A10E7G1,RU000A10E7G1,НоваБев3Р2,НоваБев Групп 003Р-02,TQCB,exchange_bond,2029-01-20,,1000.0,SUR,5000000.0,,15.25,12.53,12.0,,103.21,103.03,104.21,104.21,103.56,447,462891.8,85,2.09,14.05,14.4,752.0,2.06,OK
2026-05-11,RU000A10E7W8,RU000A10E7W8,МЕТИН2P04,МЕТАЛЛОИНВЕСТ 002P-04,TQCB,exchange_bond,2030-02-08,,1000.0,SUR,75000000.0,,0.0,0.0,12.0,,100.47,99.79,100.47,100.26,100.12,211,211261.1,46,0.45,14.97,15.02,1066.0,2.92,OK
2026-05-11,RU000A10E8N5,RU000A10E8N5,МТС 2Р-16,Мобильные ТелеСистемы 002Р-16,TQCB,exchange_bond,2032-01-11,,1000.0,SUR,20000000.0,,0.0,0.0,12.0,,100.1,100.1,100.29,100.29,100.2,215,215435.6,42,13.2,14.82,14.87,829.0,2.27,OK
2026-05-11,RU000A10EA16,RU000A10EA16,ПочтаР3P03,Почта России 003P-03,TQCB,exchange_bond,2036-01-22,,1000.0,SUR,8700000.0,,17.75,14.59,12.0,,103.09,102.84,103.09,102.99,102.95,681,701109.3,51,13.13,17.67,17.7,789.0,2.16,OK
2026-05-11,RU000A10EA32,RU000A10EA32,ПочтаР3P04,Почта России 003P-04,TQCB,exchange_bond,2036-01-22,,1000.0,SUR,2300000.0,,0.0,14.64,12.0,,100.17,99.75,100.17,99.95,99.97,1458,1457500.5,42,13.21,16.68,16.66,552.0,1.51,OK
2026-05-11,RU000A10EBE0,RU000A10EBE0,РостелP23R,Ростелеком ПАО 001P-23R,TQCB,exchange_bond,2028-02-08,,1000.0,SUR,20000000.0,,14.55,11.96,12.0,,102.42,101.95,102.42,102.3,102.1,47,47987.7,22,8.77,13.88,14.03,562.0,1.54,OK
2026-05-11,RU000A10ECM1,RU000A10ECM1,ГазКап3P21,Газпром капитал ООО БО-003Р-21,TQCB,exchange_bond,2028-08-12,,1000.0,SUR,50000000.0,,0.0,0.0,12.0,,100.18,100.18,100.3,100.3,100.24,2,2004.8,2,7.12,14.54,14.57,703.0,1.93,OK
2026-05-11,RU000A10EDW8,RU000A10EDW8,Магнит6P01,Магнит ПАО БО-006Р-01,TQCB,exchange_bond,2028-05-17,,1000.0,SUR,85000000.0,,0.0,0.0,12.0,,100.0,99.79,100.11,100.11,100.03,246,246080.1,35,5.73,14.49,14.55,640.0,1.75,OK
2026-05-11,RU000A10EEZ9,RU000A10EEZ9,iСелктл1Р7,Селектел 001P-07R,TQCB,exchange_bond,2029-02-16,,1000.0,SUR,7000000.0,,15.0,12.33,12.0,,102.99,102.28,103.31,103.0,102.95,2066,2126854.5,255,3.29,14.59,14.61,834.0,2.28,OK
2026-05-11,RU000A10EF52,RU000A10EF52,Сбер Sb52R,Сбербанк ПАО 001Р-SBER52,TQCB,exchange_bond,2028-08-29,,1000.0,SUR,71000000.0,,14.2,11.67,12.0,,101.85,101.71,102.24,102.12,102.04,25318,25834512.2,1036,11.28,13.95,13.99,723.0,1.98,OK
2026-05-11,RU000A10EG28,RU000A10EG28,Медси 1P04,Группа компаний Медси 001P-04,TQCB,exchange_bond,2029-02-18,,1000.0,SUR,5500000.0,,0.0,0.0,12.0,,101.31,101.31,102.48,101.79,102.0,181,184619.1,20,2.7,14.29,14.19,838.0,2.3,OK
2026-05-11,RU000A10EH76,RU000A10EH76,ГПБ006Р05P,ГПБ (АО) БО 006Р-05P,TQCB,exchange_bond,2031-03-16,,1000.0,SUR,11527270.0,,,,,,53.44,53.43,54.47,53.81,54.0,704,380187.9,50,,13.64,13.56,1769.0,4.85,OK
2026-05-11,RU000A10EJA1,RU000A10EJA1,Газпнф5P5R,Газпром нефть 005P-05R,TQCB,exchange_bond,2029-02-24,,1000.0,SUR,50000000.0,,0.0,0.0,12.0,,99.92,99.82,99.99,99.99,99.96,1573,1572383.9,122,0.0,14.67,14.68,847.0,2.32,OK
2026-05-11,RU000A10EJQ7,RU000A10EJQ7,Атомэнпр11,Атомэнергопром АО 001Р-11,TQCB,exchange_bond,2029-12-07,,1000.0,SUR,50000000.0,,14.7,36.65,4.0,,102.49,102.34,102.69,102.6,102.61,6579,6750682.5,299,23.76,14.49,14.49,1018.0,2.79,OK
2026-05-11,RU000A10ELF6,RU000A10ELF6,МТС 2Р-17,Мобильные Телесистемы 002Р-17,TQCB,exchange_bond,2036-01-25,,1000.0,SUR,10000000.0,,0.0,13.49,12.0,,99.9,99.65,100.0,100.0,99.87,988,986755.1,112,10.84,15.04,15.13,586.0,1.61,OK
2026-05-11,RU000A10EMG2,RU000A10EMG2,НоваБев3Р3,НоваБев Групп 003Р-03,TQCB,exchange_bond,2029-03-04,,1000.0,SUR,7000000.0,,14.5,11.92,12.0,,102.24,101.83,102.99,102.22,102.68,1722,1768081.2,106,8.74,14.34,14.1,782.0,2.14,OK
2026-05-11,RU000A10EML2,RU000A10EML2,ВТБЛИЗ 1Р5,ВТБ Лизинг 001Р-МБ-05,TQCB,exchange_bond,2029-03-04,,1000.0,SUR,5000000.0,,15.5,12.74,12.0,,101.5,101.5,101.68,101.68,101.67,280,284681.2,53,9.34,15.11,15.12,455.0,1.25,OK
2026-05-11,RU000A10EN60,RU000A10EN60,РостелP24R,Ростелеком ПАО 001P-24R,TQCB,exchange_bond,2028-01-14,,1000.0,SUR,15000000.0,,13.9,11.42,12.0,,101.09,100.71,103.72,103.72,101.57,47,47736.5,23,6.47,12.07,13.63,546.0,1.5,OK
2026-05-11,RU000A10ENS5,RU000A10ENS5,МЕТИН2P05,МЕТАЛЛОИНВЕСТ 002P-05,TQCB,exchange_bond,2030-03-25,,1000.0,SUR,60000000.0,,0.0,0.0,12.0,,99.57,99.57,99.89,99.89,99.64,320,318850.1,40,7.25,15.0,15.09,1086.0,2.98,OK
2026-05-11,RU000A10EPX0,RU000A10EPX0,РусГид2Р12,РусГидро БО-002Р-12,TQCB,exchange_bond,2029-03-11,,1000.0,SUR,35000000.0,,0.0,0.0,12.0,,99.89,99.85,100.45,100.0,100.01,1698,1698175.2,46,6.67,14.66,14.65,852.0,2.33,OK
2026-05-11,RU000A10ER66,RU000A10ER66,ФосАгро2П6,ФосАгро БО-02-06,TQCB,exchange_bond,2029-04-16,,1000.0,SUR,70000000.0,,13.75,11.3,12.0,,101.54,101.15,103.0,102.14,102.35,13235,13546415.8,299,3.39,13.66,13.56,886.0,2.43,OK
2026-05-11,RU000A10ERV0,RU000A10ERV0,Магнит6P02,Магнит ПАО БО-006Р-02,TQCB,exchange_bond,2028-09-23,,1000.0,SUR,64000000.0,,0.0,0.0,12.0,,99.9,99.8,100.02,100.0,99.94,558,557690.0,33,1.74,14.58,14.62,738.0,2.02,OK
2026-05-11,RU000A10ES57,RU000A10ES57,ГазКап3P24,Газпром капитал ООО БО-003Р-24,TQCB,exchange_bond,2029-04-22,,1000.0,SUR,40000000.0,,0.0,0.0,12.0,,100.28,100.01,100.33,100.3,100.28,2563,2570210.8,126,1.32,17.04,17.05,864.0,2.37,OK
2026-05-11,RU000A10ET56,RU000A10ET56,РосСиб1Р01,Россети Сибирь 001Р-01,TQCB,exchange_bond,2029-03-28,,1000.0,SUR,5000000.0,,,13.59,12.0,,100.09,100.09,100.93,100.5,100.21,699,700473.7,41,12.7,14.64,14.78,856.0,2.35,OK
2026-05-11,RU000A10ETL7,RU000A10ETL7,РостелP25R,Ростелеком ПАО 001P-25R,TQCB,exchange_bond,2028-04-03,,1000.0,SUR,15000000.0,,13.65,11.22,12.0,,100.84,99.97,100.84,100.38,100.24,4108,4117841.7,184,10.1,14.28,14.38,607.0,1.66,OK
2026-05-11,RU000A10ETQ6,RU000A10ETQ6,ПСБ 4P-02,Промсвязьбанк 004P-02,TQCB,exchange_bond,2029-03-29,,1000.0,SUR,40000000.0,,14.05,11.55,12.0,,101.0,100.73,101.45,100.98,100.98,6484,6547681.3,168,10.39,14.53,14.53,863.0,2.36,OK
2026-05-11,RU000A10ETT0,RU000A10ETT0,ПСБ 4P-04,Промсвязьбанк 004P-04,TQCB,exchange_bond,2028-04-03,,1000.0,SUR,15000000.0,,,0.0,12.0,,100.2,100.16,100.49,100.49,100.39,49,49191.0,15,12.17,14.58,14.65,601.0,1.65,OK
2026-05-11,RU000A10A810,RU000A10A810,РФ ЗО 26 Д,ОВОЗ РФ 12840108V,TQCB,ofz_bond,2026-05-27,,200000.0,USD,11606.0,,4.75,4750.0,2.0,,,,,,,0,0.0,0,321538.0412,,,15.0,0.04,OK
2026-05-11,RU000A10A851,RU000A10A851,РФ ЗО 27 Д,ОВОЗ РФ 12840109V,TQCB,ofz_bond,2027-06-23,,200000.0,USD,8861.0,,4.25,4250.0,2.0,,,,,,,0,0.0,0,242081.8632,,,396.0,1.08,OK
2026-05-11,RU000A10A869,RU000A10A869,РФ ЗО 28 Д,ОВОЗ РФ 12840111V,TQCB,ofz_bond,2028-06-24,,1000.0,USD,2023411.0,,12.75,63.75,2.0,,116.4158,115.5003,117.0875,115.5003,115.7712,155,13332124.89,38,3604.8565,4.99,4.87,680.0,1.86,OK
2026-05-11,RU000A10A8A6,RU000A10A8A6,РФ ЗО 29 Д,ОВОЗ РФ 12840112V,TQCB,ofz_bond,2029-03-21,,200000.0,USD,12503.0,,4.375,4375.0,2.0,,,,,,,0,0.0,0,90290.8075,,,986.0,2.7,OK
2026-05-11,RU000A10A7Y8,RU000A10A7Y8,РФ ЗО 35 Д,ОВОЗ РФ 12840115V,TQCB,ofz_bond,2035-03-28,,200000.0,USD,14366.0,,5.1,5100.0,2.0,,,,,,,0,0.0,0,90517.4112,,,2577.0,7.06,OK
2026-05-11,RU000A10A802,RU000A10A802,РФ ЗО 42 Д,ОВОЗ РФ 12840117V,TQCB,ofz_bond,2042-04-04,,200000.0,USD,6092.0,,5.625,5625.0,2.0,,,,,,,0,0.0,0,85905.0969,,,3715.0,10.18,OK
2026-05-11,RU000A10A844,RU000A10A844,РФ ЗО 47 Д,ОВОЗ РФ 12840119V,TQCB,ofz_bond,2047-06-23,,200000.0,USD,13257.0,,5.25,5250.0,2.0,,78.51,78.5,78.51,78.5,78.505,2,23330524.13,2,299042.6075,7.38,7.38,4237.0,11.61,OK
2026-05-11,RU000A103FY7,RU000A103FY7,ВЭБ1P-30В,ВЭБ.РФ ПБО-001Р-30В,TQCB,exchange_bond,2026-07-23,,1000.0,USD,550000.0,,3.38,16.85,2.0,,,,,,,0,0.0,0,749.6497,,,72.0,0.2,OK
2026-05-11,RU000A1064Y6,RU000A1064Y6,СУЭК-Ф1P7R,СУЭК-Финанс 001Р-07R,TQCB,exchange_bond,2026-09-15,,1000.0,USD,300000.0,,3.348,16.88,2.0,,,,,,,0,0.0,0,388.5696,,,126.0,0.35,OK
2026-05-11,RU000A1059N9,RU000A1059N9,ЛУКОЙЛ 26,"ПАО ""ЛУКОЙЛ"" ЗО-26",TQCB,corporate_bond,2026-11-02,,1000.0,USD,315760.0,,4.75,23.75,2.0,,100.0904,98.8408,100.0904,99.4819,99.718,39,2889384.07,19,88.4126,5.82,5.3,174.0,0.48,OK
2026-05-11,RU000A107JN3,RU000A107JN3,ТМК ЗО2027,ТМК ЗО-2027,TQCB,corporate_bond,2027-02-12,,1000.0,USD,349904.0,,4.3,21.5,2.0,,94.7766,94.7766,95.2489,94.8649,95.3464,26,1833735.75,20,789.7697,11.69,10.95,272.0,0.75,OK
2026-05-11,RU000A10B3Z3,RU000A10B3Z3,ЕврХол3P03,ЕвразХолдинг Финанс 003P-03,TQCB,exchange_bond,2027-03-08,,100.0,USD,4500000.0,,9.5,0.78,12.0,,101.5674,100.5299,101.7923,101.2533,100.9967,1824,13686711.81,219,55.7222,8.2,8.55,,,OK
2026-05-11,RU000A107B43,RU000A107B43,ГТЛК ЗО27Д,ГТЛК ЗО27-Д,TQCB,corporate_bond,2027-03-10,,1000.0,USD,346639.0,,4.65,23.25,2.0,,97.6787,97.6751,97.6787,97.6751,97.6757,28,2031944.25,13,585.4548,7.73,7.73,298.0,0.82,OK
2026-05-11,RU000A1056U0,RU000A1056U0,ГазКЗ-27Д,Газпром капитал ООО ЗО27-1-Д,TQCB,corporate_bond,2027-03-23,,1000.0,USD,402348.0,,4.95,24.75,2.0,,99.0082,98.65,99.0082,98.9456,98.6835,50,3665908.94,29,490.3556,6.23,6.55,311.0,0.85,OK
2026-05-11,RU000A1059P4,RU000A1059P4,ЛУКОЙЛ 27,"ПАО ""ЛУКОЙЛ"" ЗО-27",TQCB,corporate_bond,2027-04-26,,1000.0,USD,257441.0,,2.8,14.0,2.0,,98.11,96.75,98.11,96.75,97.0678,15,1081766.3,11,86.9267,6.36,6.0,346.0,0.95,OK
2026-05-11,RU000A105JH9,RU000A105JH9,ГазКЗ-27Д2,Газпром капитал ООО ЗО27-2-Д,TQCB,corporate_bond,2027-06-29,,1000.0,USD,628751.0,,3.0,15.0,2.0,,96.3961,95.8825,96.3961,96.1415,96.1655,11,785921.8,11,817.2593,6.6,6.58,405.0,1.11,OK
2026-05-11,RU000A10B7J8,RU000A10B7J8,ФосАгро2П3,ФосАгро БО-02-03,TQCB,exchange_bond,2027-09-18,,1000.0,USD,642200.0,,7.5,6.16,12.0,,100.392,100.392,101.3749,101.2437,101.0358,9,675592.76,9,228.8326,6.73,6.9,470.0,1.29,OK
2026-05-11,RU000A10BGH8,RU000A10BGH8,Акрон Б1P8,Акрон (ПАО) БО-001P-08,TQCB,exchange_bond,2027-11-10,,1000.0,USD,200000.0,,7.95,6.53,12.0,,100.6214,100.0,101.1676,100.1396,100.3877,36,2685035.22,19,355.8793,8.13,7.92,475.0,1.3,OK
2026-05-11,RU000A10AUX8,RU000A10AUX8,НОВАТЭК1Р3,НОВАТЭК 001Р-03,TQCB,exchange_bond,2028-02-27,,100.0,USD,5000000.0,,9.4,0.77,12.0,,104.0012,103.8122,104.84,104.433,104.5165,1175,9124099.9,245,5.9437,6.96,6.91,607.0,1.66,OK
2026-05-11,RU000A105R62,RU000A105R62,ГазКЗ-28Д,Газпром капитал ООО ЗО28-1-Д,TQCB,corporate_bond,2028-02-06,,1000.0,USD,410083.0,,4.95,24.75,2.0,,96.2009,95.7809,96.6912,95.8987,96.0396,39,2782800.69,21,970.3097,7.51,7.42,608.0,1.67,OK
2026-05-11,RU000A107CX7,RU000A107CX7,ГТЛК ЗО28Д,ГТЛК ЗО28-Д,TQCB,corporate_bond,2028-02-26,,1000.0,USD,167099.0,,4.8,24.0,2.0,,93.8521,93.3865,93.8529,93.3865,93.5595,37,2571917.15,27,742.963,9.04,8.92,629.0,1.72,OK
2026-05-11,RU000A10BFM0,RU000A10BFM0,ГазКап3P13,Газпром капитал БО-003Р-13,TQCB,exchange_bond,2028-05-02,,1000.0,USD,350000.0,,7.65,6.29,12.0,,101.6027,100.398,101.6027,100.6829,100.9439,24,1799942.73,21,436.1193,7.53,7.38,668.0,1.83,OK
2026-05-11,RU000A105A87,RU000A105A87,СКФ ЗО2028,Совкомфлот ЗО-2028,TQCB,corporate_bond,2028-04-26,,1000.0,USD,382823.0,,3.85,19.25,2.0,,93.9483,93.9482,94.1792,94.1202,93.993,9,628500.11,6,118.8741,7.24,7.31,694.0,1.9,OK
2026-05-11,RU000A10B4K3,RU000A10B4K3,НорНикБ1P8,ГМК Нор.никель БО-001Р-08,TQCB,exchange_bond,2030-02-23,,100.0,USD,10000000.0,,7.75,0.64,12.0,,101.5965,100.001,101.9999,101.3657,101.3623,1777,13382306.5,261,40.863,7.26,7.26,,,OK
2026-05-11,RU000A10AXW4,RU000A10AXW4,СибурХ1Р03,СИБУР Холдинг 001Р-03,TQCB,exchange_bond,2028-08-02,,100.0,USD,6000000.0,,9.6,0.79,12.0,,106.8496,105.6532,106.8496,105.7899,106.0273,871,6861246.23,260,50.5215,7.02,6.9,733.0,2.01,OK
2026-05-11,RU000A10D806,RU000A10D806,ЕврХол3P05,ЕвразХолдинг Финанс 003P-05,TQCB,exchange_bond,2028-11-07,,100.0,USD,2250000.0,,8.25,0.68,12.0,,101.863,99.9201,102.293,101.3719,100.6571,1125,8413256.02,161,31.9474,7.94,8.28,822.0,2.25,OK
2026-05-11,RU000A10CZ68,RU000A10CZ68,ФосАгро2П4,ФосАгро БО-02-04,TQCB,exchange_bond,2028-10-12,,1000.0,USD,250000.0,,7.0,5.75,12.0,,99.902,98.9401,100.1407,99.4998,99.5492,69,5103333.86,38,156.7652,7.47,7.44,814.0,2.23,OK
2026-05-11,RU000A106G56,RU000A106G56,ФосАЗО28-Д,ФосАгро ЗО28-Д,TQCB,corporate_bond,2028-09-16,,1000.0,USD,383470.0,,2.6,13.0,2.0,,90.5258,89.9991,90.6164,89.9991,90.1275,84,5624759.5,19,294.9563,7.43,7.36,833.0,2.28,OK
2026-05-11,RU000A105A04,RU000A105A04,МЕТАЛИН028,МЕТАЛЛОИНВЕСТ 028,TQCB,corporate_bond,2028-10-22,,1000.0,USD,285780.0,,3.375,16.875,2.0,,88.2014,88.2014,90.4341,90.434,89.6898,3,199908.69,3,132.2474,7.88,8.25,862.0,2.36,OK
2026-05-11,RU000A10BRM5,RU000A10BRM5,Акрон Б1P9,Акрон (ПАО) БО-001P-09,TQCB,exchange_bond,2029-11-12,,1000.0,USD,200000.0,,7.75,6.37,12.0,,99.0206,99.0203,102.1999,101.1996,100.8645,140,10491400.73,36,141.9059,7.49,7.64,871.0,2.39,OK
2026-05-11,RU000A10DBZ7,RU000A10DBZ7,Акрон Б2P1,Акрон (ПАО) БО-002P-01,TQCB,exchange_bond,2029-03-14,,1000.0,USD,150000.0,,7.7,6.33,12.0,,99.5118,99.5117,100.2795,100.2565,99.6068,24,1776100.31,7,187.9696,7.87,8.15,895.0,2.45,OK
2026-05-11,RU000A10ECK5,RU000A10ECK5,СибурХ1Р09,СИБУР Холдинг 001Р-09,TQCB,exchange_bond,2029-03-06,,100.0,USD,2500000.0,,7.5,0.62,12.0,,102.2755,101.4,102.7999,101.4,101.7087,469,3544034.98,164,30.4615,7.23,7.1,927.0,2.54,OK
2026-05-11,RU000A10D483,RU000A10D483,Газпнф5P1R,Газпром нефть 005P-01R,TQCB,exchange_bond,2029-03-29,,1000.0,USD,210000.0,,7.5,6.16,12.0,,100.9474,100.3011,100.9474,100.3035,100.4989,25,1866674.61,20,412.3445,7.63,7.55,944.0,2.59,OK
2026-05-11,RU000A105KU0,RU000A105KU0,ГазКЗ-29Д,Газпром капитал ООО ЗО29-1-Д,TQCB,corporate_bond,2029-01-27,,1000.0,USD,1171512.0,,2.95,14.75,2.0,,89.1135,88.3,89.1673,88.6479,88.7126,53,3493240.78,26,633.0045,7.69,7.66,949.0,2.6,OK
2026-05-11,RU000A107D58,RU000A107D58,ГТЛК ЗО29Д,ГТЛК ЗО29-Д,TQCB,corporate_bond,2029-02-27,,1000.0,USD,141112.0,,4.349,21.75,2.0,,89.7,89.7,90.759,90.759,90.2295,2,134074.36,2,664.2089,8.25,8.49,961.0,2.63,OK
2026-05-11,RU000A10BPP2,RU000A10BPP2,ГазКап3P14,Газпром капитал БО-003Р-14,TQCB,exchange_bond,2029-05-08,,1000.0,USD,650000.0,,7.25,5.96,12.0,,99.9612,99.4998,101.6439,99.4998,100.0244,487,36191134.86,67,251.1215,7.7,7.49,981.0,2.69,OK
2026-05-11,RU000A108L81,RU000A108L81,Полюс Б1P4,Полюс ПБО-04,TQCB,exchange_bond,2029-05-09,,100.0,USD,1500000.0,,6.2,0.51,12.0,,99.8306,99.2505,101.1828,99.8309,100.183,427,3178257.12,156,20.06,6.45,6.31,997.0,2.73,OK
2026-05-11,RU000A108G70,RU000A108G70,НОВАТЭК1Р2,НОВАТЭК 001P-02,TQCB,exchange_bond,2029-05-16,,100.0,USD,7500000.0,,6.25,1.56,4.0,,98.3699,97.9001,99.3298,97.9863,98.2054,1104,8055114.44,390,104.0148,7.19,7.1,996.0,2.73,OK
2026-05-11,RU000A108LP2,RU000A108LP2,ФосА1П1USD,ФосАгро БО-П01-USD,TQCB,exchange_bond,2029-05-31,,100.0,USD,1000000.0,,6.25,1.56,4.0,,100.7,98.121,100.9806,100.2874,99.0462,523,3848634.23,103,85.4407,6.3,6.77,1011.0,2.77,OK
2026-05-11,RU000A10C3M0,RU000A10C3M0,Атомэнпр06,Атомэнергопром АО 001Р-06,TQCB,exchange_bond,2029-07-13,,1000.0,USD,600000.0,,7.2,17.95,4.0,,100.83,99.9794,100.83,100.0,100.128,222,16514896.21,49,351.4215,7.4,7.35,1041.0,2.85,OK
2026-05-11,RU000A10CRC4,RU000A10CRC4,НорНик1P14,ГМК Нор.никель БО-001Р-14,TQCB,exchange_bond,2029-08-26,,100.0,USD,8500000.0,,6.4,0.53,12.0,,98.1999,97.7033,98.54,98.0013,98.1538,2595,18923940.93,482,34.9193,7.37,7.31,1079.0,2.96,OK
2026-05-11,RU000A10DJV9,RU000A10DJV9,СКФ 1Р2,Совкомфлот 001Р-02,TQCB,exchange_bond,2029-10-31,,1000.0,USD,200000.0,,7.55,6.21,12.0,,101.44,100.0098,101.44,100.0098,100.3338,12,894531.76,8,322.4459,7.82,7.71,1114.0,3.05,OK
2026-05-11,RU000A10C9Y2,RU000A10C9Y2,НОВАТЭК1Р5,НОВАТЭК 001Р-05,TQCB,exchange_bond,2030-01-11,,1000.0,USD,750000.0,,7.0,5.75,12.0,,98.5207,98.5207,100.1477,99.3307,99.1747,364,26820647.01,134,128.5326,7.45,7.5,1182.0,3.24,OK
2026-05-11,RU000A10BV55,RU000A10BV55,НОВАТЭК1Р4,НОВАТЭК 001Р-04,TQCB,exchange_bond,2030-05-29,,1000.0,USD,350000.0,,7.5,6.16,12.0,,100.8798,100.601,101.499,100.925,100.9662,74,5551047.75,36,320.96,7.48,7.46,1275.0,3.49,OK
2026-05-11,RU000A105SG2,RU000A105SG2,ГазКЗ-30Д,Газпром капитал ООО ЗО30-1-Д,TQCB,corporate_bond,2030-02-25,,1000.0,USD,1463726.0,,3.25,16.25,2.0,,85.5,85.1562,85.89,85.6196,85.4543,146,9269446.83,78,509.6726,7.72,7.77,1297.0,3.55,OK
2026-05-11,RU000A10CTX6,RU000A10CTX6,ВЭБ2Р-54В,ВЭБ.РФ ПБО-002Р-54В,TQCB,exchange_bond,2030-08-31,,1000.0,USD,600000.0,,7.15,5.88,12.0,,99.4711,99.2,100.9974,99.4454,99.342,81,5978401.84,45,247.4067,7.55,7.58,1352.0,3.7,OK
2026-05-11,RU000A10CMR3,RU000A10CMR3,СибурХ1Р08,СИБУР Холдинг 001Р-08,TQCB,exchange_bond,2030-08-08,,100.0,USD,4000000.0,,6.65,0.55,12.0,,99.0059,98.07,99.6876,98.6247,98.4787,6301,46101902.41,394,13.3733,7.3,7.34,1348.0,3.69,OK
2026-05-11,RU000A10CSG3,RU000A10CSG3,МЕТИН2P02,МЕТАЛЛОИНВЕСТ 002P-02,TQCB,exchange_bond,2030-08-24,,100.0,USD,1000000.0,,6.3,0.52,12.0,,95.9924,95.0,95.9969,95.0,95.1065,889,6281727.68,105,30.4615,7.98,7.95,1362.0,3.73,OK
2026-05-11,RU000A10E9Y0,RU000A10E9Y0,ГазКап3P18,Газпром капитал ООО БО-003Р-18,TQCB,exchange_bond,2031-02-17,,1000.0,USD,250000.0,,7.5,6.16,12.0,,101.2001,99.4397,101.4783,99.9019,100.1394,138,10267185.91,67,412.3445,7.78,7.72,1462.0,4.01,OK
2026-05-11,RU000A105JT4,RU000A105JT4,ГазКЗ-31Д,Газпром капитал ООО ЗО31-1-Д,TQCB,corporate_bond,2031-07-14,,1000.0,USD,479122.0,,3.5,17.5,2.0,,82.5885,82.3331,82.8956,82.5588,82.5004,50,3064738.99,38,845.4919,7.67,7.69,1703.0,4.67,OK
2026-05-11,RU000A1059R0,RU000A1059R0,ЛУКОЙЛ 31,"ПАО ""ЛУКОЙЛ"" ЗО-31",TQCB,corporate_bond,2031-10-26,,1000.0,USD,253992.0,,3.6,18.0,2.0,,85.0597,84.5805,85.0597,84.5805,84.8108,10,630112.57,6,111.4445,7.17,7.11,1806.0,4.95,OK
2026-05-11,RU000A105A95,RU000A105A95,ГазКЗ-34Д,Газпром капитал ООО ЗО34-1-Д,TQCB,corporate_bond,2034-04-28,,1000.0,USD,748626.0,,8.625,43.13,2.0,,106.9181,106.1999,107.0589,106.1999,106.4835,212,16772019.84,99,231.0615,7.6,7.55,2182.0,5.98,OK
2026-05-11,RU000A105RH2,RU000A105RH2,ГазКЗ-37Д,Газпром капитал ООО ЗО37-1-Д,TQCB,corporate_bond,2037-08-16,,1000.0,USD,903068.0,,7.288,36.44,2.0,,98.7599,98.2004,98.76,98.4805,98.422,161,11772948.29,77,1278.6393,7.51,7.52,2816.0,7.72,OK
2026-05-11,RU000A105QW3,RU000A105QW3,ГазКБЗО26Д,Газпром капитал ООО БЗО26-1-Д,TQCB,corporate_bond,,,1000.0,USD,1069041.0,,8.09,40.45,2.0,,87.3433,86.6363,87.3433,86.9,87.0183,110,7111648.29,46,1753.3927,9.31,9.3,,,OK
2026-05-11,RU000A105RZ4,RU000A105RZ4,ГазКЗ-27Е,Газпром капитал ООО ЗО27-1-Е,TQCB,corporate_bond,2027-02-17,,1000.0,EUR,473499.0,,1.5,15.0,1.0,,96.3996,95.8584,96.3996,96.2746,96.2191,35,2982037.95,25,301.9521,6.61,6.69,281.0,0.77,OK
2026-05-11,RU000A10A828,RU000A10A828,РФ ЗО 27 Е,ОВОЗ РФ 12978110V,TQCB,ofz_bond,2027-11-20,,100000.0,EUR,9791.0,,1.125,1125.0,1.0,,,,,,,0,0.0,0,46943.3669,,,553.0,1.52,OK
2026-05-11,RU000A10BBW8,RU000A10BBW8,ГазКап1P12,Газпром капитал ООО БО-001Р-12,TQCB,exchange_bond,2028-04-29,,1000.0,EUR,350000.0,,7.75,6.37,12.0,,100.5002,100.0,101.0728,100.4501,100.1661,103,9135700.47,52,18.5953,7.77,7.93,668.0,1.83,OK
2026-05-11,RU000A105BY1,RU000A105BY1,ГазКЗ-28Е,Газпром капитал ООО ЗО28-1-Е,TQCB,corporate_bond,2028-11-17,,1000.0,EUR,343388.0,,1.85,18.5,1.0,,87.7002,86.61,87.7002,86.9562,87.2054,36,2779902.78,22,785.4296,7.73,7.61,898.0,2.46,OK
2026-05-11,RU000A10A836,RU000A10A836,РФ ЗО 32 Е,ОВОЗ РФ 12978114V,TQCB,ofz_bond,2032-11-20,,100000.0,EUR,10263.0,,1.85,1850.0,1.0,,70.8551,70.8551,70.8551,70.8551,70.8551,1,6274148.25,1,77195.2472,7.69,7.69,2215.0,6.07,OK
2026-05-11,RU000A105QX1,RU000A105QX1,ГазКЗ-Б26Е,Газпром Капитал БЗО26-1-Е,TQCB,corporate_bond,,,1000.0,EUR,716276.0,,6.892,68.92,1.0,,75.5005,75.023,76.0992,75.433,75.5029,19,1270284.74,7,1755.9267,9.14,9.13,,,OK
2026-05-11,RU000A105XA5,RU000A105XA5,ГазКЗ-27Ф,Газпром капитал ООО ЗО27-1-ФР,TQCB,corporate_bond,2027-06-30,,5000.0,CHF,34637.0,,1.54,77.0,1.0,,,,,,,0,0.0,0,6349.9792,,,408.0,1.12,OK
2026-05-11,RU000A10BY03,RU000A10BY03,ГазКап3P15,Газпром капитал БО-003Р-15,TQCB,exchange_bond,2026-06-26,,1000.0,CNY,4500000.0,,6.9,5.67,12.0,,102.9999,98.773,102.9999,99.5388,99.6984,87,944650.13,30,28.9661,11.21,9.77,45.0,0.12,OK
2026-05-11,RU000A10AXK9,RU000A10AXK9,ФосАгро2П2,ФосАгро БО-02-02,TQCB,exchange_bond,2026-08-12,,1000.0,CNY,1000000.0,,10.4,8.55,12.0,,101.4222,100.6594,102.2019,102.0201,101.3328,91,1007941.32,31,84.0563,2.38,5.19,90.0,0.25,OK
2026-05-11,RU000A1057S2,RU000A1057S2,Роснфт2P12,ПАО НК Роснефть 002P-12,TQOY,exchange_bond,2032-09-07,,1000.0,CNY,15000000.0,,6.5,32.41,2.0,,99.9501,99.95,100.1997,100.1992,99.9876,30,30012.55,18,9.79,5.98,6.61,129.0,0.35,OK
2026-05-11,RU000A10BU23,RU000A10BU23,НорНик1P11,ГМК Нор.никель БО-001Р-11-CNY,TQCB,exchange_bond,2030-05-25,,1000.0,CNY,3000000.0,,7.0,5.75,12.0,,101.0,99.3772,101.0,99.74,100.2447,100,1093720.57,22,52.3576,7.77,6.72,187.0,0.51,OK
2026-05-11,RU000A10B347,RU000A10B347,Акрон Б1P7,Акрон (ПАО) БО-001P-07,TQCB,exchange_bond,2027-03-04,,1000.0,CNY,1600000.0,,10.5,8.63,12.0,,101.5867,101.3007,101.5867,101.4675,101.4862,953,10571681.33,91,9.4003,7.98,7.94,192.0,0.53,OK
2026-05-11,RU000A108PZ2,RU000A108PZ2,Газпн3P12R,Газпром нефть БО 003P-12R,TQCB,exchange_bond,2026-12-14,,1000.0,CNY,2000000.0,,7.75,19.32,4.0,,100.6628,99.801,100.8461,99.9999,100.718,301,3293304.61,51,129.9648,7.97,6.66,211.0,0.58,OK
2026-05-11,RU000A105ZC6,RU000A105ZC6,Роснфт2P13,ПАО НК Роснефть 002P-13,TQOY,exchange_bond,2033-03-07,,1000.0,CNY,15000000.0,,6.5,32.41,2.0,,104.4963,101.5104,104.4963,101.5104,103.4622,3,3103.86,3,9.97,4.71,2.37,304.0,0.83,OK
2026-05-11,RU000A10B0C8,RU000A10B0C8,МЕТАЛИНP12,МЕТАЛЛОИНВЕСТ 001P-12,TQCB,exchange_bond,2027-02-23,,1000.0,CNY,1500000.0,,10.2,8.38,12.0,,101.8606,101.4843,102.372,101.6995,102.3642,69,768734.79,31,36.6175,8.26,7.33,276.0,0.76,OK
2026-05-11,RU000A10CP52,RU000A10CP52,ГазКап3P19,Газпром капитал ООО БО-003Р-19,TQCB,exchange_bond,2027-08-30,,1000.0,CNY,5000000.0,,6.4,5.26,12.0,,100.4498,98.3,100.4498,98.5499,99.1778,264,2844879.21,82,7.6514,7.84,7.3,457.0,1.25,OK
2026-05-11,RU000A1054W1,RU000A1054W1,Полюс Б1P2,Полюс ПБО-02,TQCB,exchange_bond,2027-08-24,,1000.0,CNY,4600000.0,,3.8,18.95,2.0,,95.8334,95.4208,96.2041,95.5,96.2798,275,2879459.0,50,86.461,7.68,6.99,459.0,1.26,OK
2026-05-11,RU000A1057D4,RU000A1057D4,МЕТАЛИН1P2,МЕТАЛЛОИНВЕСТ 001P-02,TQCB,exchange_bond,2027-09-10,,1000.0,CNY,1000000.0,,3.7,9.22,4.0,,94.5602,94.5602,96.7501,96.75,96.4194,374,3946848.3,154,65.365,6.41,6.69,473.0,1.3,OK
2026-05-11,RU000A105EV1,RU000A105EV1,ЕАБР П3-04,ЕАБР 003P-004,TQCB,corporate_bond,2027-11-07,,1000.0,CNY,1900000.0,,4.5,22.44,2.0,,,,,,,0,0.0,0,4.0443,,,,,OK
2026-05-11,RU000A10E6T6,RU000A10E6T6,Акрон Б2P2,Акрон (ПАО) БО-002P-02,TQCB,exchange_bond,2028-09-20,,1000.0,CNY,1500000.0,,6.8,5.59,12.0,,96.9232,96.9232,99.9063,98.2863,98.802,55,591561.88,25,14.2098,7.89,7.63,771.0,2.11,OK
2026-05-11,RU000A10DT08,RU000A10DT08,ГазКап3P20,Газпром капитал ООО БО-003Р-20,TQCB,exchange_bond,2029-02-27,,1000.0,CNY,3000000.0,,7.4,6.08,12.0,,100.9991,98.11,100.9991,99.7999,99.7467,719,7783759.8,144,59.7904,7.74,7.76,921.0,2.52,OK
2026-05-11,RU000A10DQB6,RU000A10DQB6,ОФЗ 29 CNY,ОФЗ-ПД 12156120V 28/02/29,TQOY,ofz_bond,2029-02-28,,10000.0,CNY,1200000.0,,6.0,299.18,2.0,,101.38,100.5,101.38,100.8999,100.0783,92,926669.31,24,111.78,5.72,6.05,947.0,2.59,OK
2026-05-11,RU000A10EER6,RU000A10EER6,ФосАгро2П5,ФосАгро БО-02-05,TQCB,exchange_bond,2029-05-29,,1000.0,CNY,1500000.0,,8.0,19.95,4.0,,102.68,101.6799,102.9497,102.93,102.9252,272,3042367.52,115,165.2707,7.11,7.11,986.0,2.7,OK
2026-05-11,RU000A10E8P0,RU000A10E8P0,РЖД 1Р-51R,РЖД БО 001P-51R,TQCB,exchange_bond,2029-09-23,,1000.0,CNY,4000000.0,,7.6,6.25,12.0,,100.4353,98.81,100.4353,99.351,99.5442,1567,16982909.87,347,66.0208,8.11,8.04,1088.0,2.98,OK
2026-05-11,RU000A10DQA8,RU000A10DQA8,ОФЗ 33 CNY,ОФЗ-ПД 12156121V 01/06/33,TQOY,ofz_bond,2033-06-01,,10000.0,CNY,800000.0,,7.0,352.88,2.0,,101.5699,101.29,101.685,101.3143,101.0031,64,649783.63,40,295.35,6.88,6.93,2021.0,5.54,OK
