TRADEDATE,ISIN,SECID,SHORTNAME,NAME,BOARDID,TYPE,MATDATE,OFFERDATE,FACEVALUE,FACEUNIT,ISSUESIZE,LOTVALUE,COUPONPERCENT,COUPONVALUE,COUPONFREQUENCY,COUPONPERIOD,OPEN,LOW,HIGH,CLOSE,WAPRICE,VOLUME,VALUE,NUMTRADES,ACCINT,YIELDCLOSE,YIELDATWAP,DURATION_DAYS,DURATION_YEARS,STATUS
2026-09-28,RU000A0JS3W6,SU26207RMFS9,ОФЗ 26207,ОФЗ-ПД 26207 03/02/27,TQOB,ofz_bond,2027-02-03,,1000.0,SUR,370200604.0,,8.15,40.64,2.0,,98.534,98.424,98.77,98.701,98.594,639093,630106332.55,1328,12.06,12.36,12.71,127.0,0.35,OK
2026-09-28,RU000A0JTK38,SU26212RMFS9,ОФЗ 26212,ОФЗ-ПД 26212 19/01/28,TQOB,ofz_bond,2028-01-19,,1000.0,SUR,356981514.0,,7.05,35.15,2.0,,92.566,92.184,92.598,92.4,92.395,182037,168192550.96,1236,13.13,14.03,14.03,458.0,1.25,OK
2026-09-28,RU000A0JVW48,SU26218RMFS6,ОФЗ 26218,ОФЗ-ПД 26218 17/09/31,TQOB,ofz_bond,2031-09-17,,1000.0,SUR,597608211.0,,8.5,42.38,2.0,,77.601,77.282,78.23,77.367,77.586,51571,40012529.98,2537,1.16,15.72,15.63,1467.0,4.02,OK
2026-09-28,RU000A0JXE06,RU000A0JXE06,ГТЛК 1P-03,ГосТранспортЛизингКомп 001P-03,TQCB,exchange_bond,2032-01-22,,1000.0,SUR,10000000.0,,16.45,41.01,4.0,,97.65,97.5,97.7,97.58,97.55,4980,4858173.1,88,27.04,20.02,20.07,286.0,0.78,OK
2026-09-28,RU000A0JXN05,RU000A0JXN05,РЖД Б01P1R,"""Российские ЖД"" БО-001P-01R",TQCB,exchange_bond,2032-05-18,,1000.0,SUR,15000000.0,,18.4,91.75,2.0,,104.29,104.12,104.53,104.13,104.27,1405,1464974.5,107,63.01,16.03,15.93,520.0,1.42,OK
2026-09-28,RU000A0JXQ44,RU000A0JXQ44,РЖД Б01P2R,"""Российские ЖД"" БО-001P-02R",TQCB,exchange_bond,2037-04-02,,1000.0,SUR,15000000.0,,14.4,71.8,2.0,,98.61,98.38,98.66,98.42,98.49,135,132959.0,40,65.1,16.18,16.12,495.0,1.36,OK
2026-09-28,RU000A0JXRD5,RU000A0JXRD5,ПочтаРБ1P2,Почта России (АО) БО-001P-02,TQCB,exchange_bond,2027-05-11,,1000.0,SUR,5000000.0,,15.15,75.54,2.0,,100.39,100.39,100.46,100.46,100.42,43,43181.0,6,57.69,14.77,14.84,211.0,0.58,OK
2026-09-28,RU000A0ZYVU5,RU000A0ZYVU5,Роснфт2P5,ПАО НК Роснефть 002P-05,TQCB,exchange_bond,2028-02-18,,1000.0,SUR,20000000.0,,9.0,44.88,2.0,,95.84,95.78,95.99,95.82,95.9,47,45071.0,33,9.37,12.73,12.66,483.0,1.32,OK
2026-09-28,RU000A0ZZYW2,SU26226RMFS9,ОФЗ 26226,ОФЗ-ПД 26226 07/10/26,TQOB,ofz_bond,2026-10-07,,1000.0,SUR,367210831.0,,7.95,39.64,2.0,,99.9,99.727,99.95,99.901,99.9,979991,979008753.52,985,37.68,12.75,12.8,8.0,0.02,OK
2026-09-28,RU000A1003A4,RU000A1003A4,ГТЛК 1P-13,ГТЛК БО 001P-13,TQCB,exchange_bond,2034-01-20,,1000.0,SUR,10000000.0,,9.57,23.86,4.0,,97.87,97.41,97.87,97.51,97.48,267,260269.2,24,15.47,18.19,18.3,125.0,0.34,OK
2026-09-28,RU000A100A82,SU26228RMFS5,ОФЗ 26228,ОФЗ-ПД 26228 10/04/30,TQOB,ofz_bond,2030-04-10,,1000.0,SUR,692018800.0,,7.65,38.15,2.0,,81.47,81.084,81.593,81.217,81.201,41656,33856165.8,1464,34.8,15.19,15.19,1089.0,2.98,OK
2026-09-28,RU000A100EF5,SU26230RMFS1,ОФЗ 26230,ОФЗ-ПД 26230 16/03/39,TQOB,ofz_bond,2039-03-16,,1000.0,SUR,699489066.0,,7.7,38.39,2.0,,56.87,56.16,57.184,56.297,56.494,277993,157049331.53,7773,37.97,16.47,16.4,2296.0,6.29,OK
2026-09-28,RU000A101012,RU000A101012,Систем1P12,АФК Система БО 001P-12,TQCB,exchange_bond,2029-10-23,,1000.0,SUR,10000000.0,,18.0,89.75,2.0,,100.02,99.52,100.57,100.1,100.23,895,897098.9,110,75.45,18.51,18.25,198.0,0.54,OK
2026-09-28,RU000A1017J5,RU000A1017J5,Газпнф3P2R,Газпром нефть БО 003Р-02R,TQCB,exchange_bond,2029-12-07,,1000.0,SUR,20000000.0,,7.15,17.83,4.0,,81.06,80.88,81.61,81.5,81.4,2645,2152958.5,297,3.33,15.3,15.35,1032.0,2.83,OK
2026-09-28,RU000A101GD3,RU000A101GD3,ГТЛК 1P-16,ГТЛК БО 001P-16,TQCB,exchange_bond,2028-02-17,,250.0,SUR,10000000.0,,6.95,4.33,4.0,,92.56,92.32,92.8,92.38,92.43,3947,912036.65,130,1.86,17.61,17.54,304.0,0.83,OK
2026-09-28,RU000A101NG2,RU000A101NG2,МТС 1P-15,Мобильные ТелеСистемы 001P-15,TQCB,exchange_bond,2026-11-05,,1000.0,SUR,5000000.0,,6.6,16.45,4.0,,99.6,99.49,99.98,99.6,99.54,59,58727.0,25,9.58,10.99,11.65,37.0,0.1,OK
2026-09-28,RU000A101Q26,RU000A101Q26,Систем1P13,АФК Система БО 001P-13,TQCB,exchange_bond,2030-05-15,,1000.0,SUR,15000000.0,,16.0,79.78,2.0,,99.37,99.09,99.64,99.64,99.55,1778,1770053.7,81,57.42,18.93,19.61,55.0,0.15,OK
2026-09-28,RU000A101QL5,RU000A101QL5,ГТЛК 1P-17,ГТЛК БО 001P-17,TQCB,exchange_bond,2035-05-14,,1000.0,SUR,10000000.0,,16.0,39.89,4.0,,99.42,98.67,99.43,98.96,99.15,848,840749.6,95,15.34,17.71,17.57,603.0,1.65,OK
2026-09-28,RU000A101RV2,RU000A101RV2,Казахст07,Республика Казахстан 07,TQCB,ofz_bond,2027-09-15,,1000.0,SUR,10000000.0,,6.55,32.66,2.0,,93.26,93.06,93.5,93.4,93.34,528,492814.1,87,2.15,14.62,14.7,345.0,0.95,OK
2026-09-28,RU000A101RZ3,RU000A101RZ3,Казахст11,Республика Казахстан 11,TQCB,ofz_bond,2030-09-11,,1000.0,SUR,10000000.0,,7.0,34.9,2.0,,75.6,74.19,75.79,75.39,74.85,2604,1949081.5,202,2.3,16.17,16.41,1252.0,3.43,OK
2026-09-28,RU000A101SC0,RU000A101SC0,ГТЛК 1P-18,ГТЛК БО 001P-18,TQCB,exchange_bond,2035-05-23,,1000.0,SUR,5000000.0,,7.84,19.55,4.0,,94.18,94.09,94.42,94.31,94.2,22,20724.8,10,5.58,17.85,18.05,245.0,0.67,OK
2026-09-28,RU000A101SD8,RU000A101SD8,ГТЛК 1P-19,ГТЛК БО 001P-19,TQCB,exchange_bond,2035-05-23,,1000.0,SUR,5000000.0,,7.97,19.87,4.0,,87.07,86.92,87.17,87.17,87.13,46,40079.7,17,5.68,17.97,18.0,575.0,1.58,OK
2026-09-28,RU000A101Z74,RU000A101Z74,ГПБ001P17P,ГПБ (АО) БО 001Р-17Р,TQCB,exchange_bond,2030-07-31,,1000.0,SUR,10630210.0,,12.75,64.27,2.0,,95.89,95.61,96.1,95.77,95.79,3608,3456220.9,117,20.61,16.03,16.02,609.0,1.67,OK
2026-09-28,RU000A102879,RU000A102879,ВТБСУБТ2-1,Банк ВТБ ПАО СУБ-Т2-1,TQCB,corporate_bond,2031-04-02,,10000000.0,SUR,7000.0,,16.66,830717.81,2.0,,89.9,89.26,91.0,89.26,89.71,7,62794000.0,4,789638.36,21.45,21.27,1097.0,3.01,OK
2026-09-28,RU000A102986,RU000A102986,СУЭК-Ф1P6R,СУЭК-Финанс 001Р-06R,TQCB,exchange_bond,2030-10-10,,1000.0,SUR,14000000.0,,18.9,94.24,2.0,,102.27,100.34,103.5,101.81,101.67,428,435128.3,63,85.44,15.93,16.22,187.0,0.51,OK
2026-09-28,RU000A102A31,SU29018RMFS7,ОФЗ 29018,ОФЗ-ПК 29018 26/11/2031,TQOB,ofz_bond,2031-11-26,,1000.0,SUR,427747115.0,,,,4.0,,97.441,97.308,97.67,97.67,97.524,11876,11581986.66,157,9.93,,0.0,,,OK
2026-09-28,RU000A102A49,SU29019RMFS5,ОФЗ 29019,ОФЗ-ПК 29019 18/07/2029,TQOB,ofz_bond,2029-07-18,,1000.0,SUR,430194756.0,,,,4.0,,99.332,98.973,99.482,99.1,99.051,23669,23446901.26,271,26.01,,0.0,,,OK
2026-09-28,RU000A102BV4,SU29020RMFS3,ОФЗ 29020,ОФЗ-ПК 29020 22/09/2027,TQOB,ofz_bond,2027-09-22,,1000.0,SUR,294544699.0,,,,4.0,,100.095,100.026,100.15,100.111,100.04,208807,208963787.04,942,1.93,,0.0,,,OK
2026-09-28,RU000A102GJ8,RU000A102GJ8,ГПБ001P19P,ГПБ (АО) БО 001Р-19Р,TQCB,exchange_bond,2030-12-11,,1000.0,SUR,15000000.0,,12.75,63.92,2.0,,98.58,98.46,98.75,98.46,98.66,559,551532.7,22,38.08,15.6,15.27,248.0,0.68,OK
2026-09-28,RU000A102HC1,RU000A102HC1,Сбер2СУБ2R,Сбербанк 002СУБ-02R,TQCB,corporate_bond,2031-03-11,,10000000.0,SUR,5600.0,,15.0,747945.21,2.0,,96.11,96.11,96.11,96.11,96.11,1,9611000.0,1,53424.66,16.92,16.92,1226.0,3.36,OK
2026-09-28,RU000A102LU5,RU000A102LU5,ГПБ001P20P,ГПБ (АО) БО 001Р-20Р,TQCB,exchange_bond,2030-12-28,,1000.0,SUR,2000000.0,,14.25,71.45,2.0,,98.47,98.41,98.47,98.41,98.42,35,34446.5,4,35.92,15.5,15.5,838.0,2.3,OK
2026-09-28,RU000A102QP4,RU000A102QP4,РЖД 1Р-21R,РЖД БО 001Р-21R,TQCB,exchange_bond,2027-06-11,,1000.0,SUR,20000000.0,,6.85,34.16,2.0,,95.54,95.47,95.69,95.63,95.57,1645,1572113.7,127,20.27,14.04,14.14,249.0,0.68,OK
2026-09-28,RU000A102SX4,RU000A102SX4,Систем1P19,АФК Система БО 001P-19,TQCB,exchange_bond,2031-02-17,,1000.0,SUR,12500000.0,,17.5,43.63,4.0,,99.74,99.23,99.74,99.51,99.54,203,202074.6,43,16.78,19.57,19.51,228.0,0.62,OK
2026-09-28,RU000A102VR0,RU000A102VR0,ГТЛК 2P-01,ГТЛК БО 002P-01,TQCB,exchange_bond,2036-03-03,,1000.0,SUR,10000000.0,,16.1,40.14,4.0,,97.82,97.62,98.03,97.69,97.79,337,329560.0,31,6.18,18.27,18.2,625.0,1.71,OK
2026-09-28,RU000A1038V6,SU26238RMFS4,ОФЗ 26238,ОФЗ-ПД 26238 15/05/2041,TQOB,ofz_bond,2041-05-15,,1000.0,SUR,1000000000.0,,7.1,35.4,2.0,,51.825,51.01,51.85,51.152,51.248,4853676,2487414285.26,40443,22.76,16.33,16.3,2489.0,6.82,OK
2026-09-28,RU000A1038Z7,SU26237RMFS6,ОФЗ 26237,ОФЗ-ПД 26237 14/03/2029,TQOB,ofz_bond,2029-03-14,,1000.0,SUR,518953119.0,,6.7,33.41,2.0,,84.89,84.515,84.995,84.563,84.603,51373,43463120.68,864,2.2,14.89,14.87,834.0,2.28,OK
2026-09-28,RU000A103BR0,SU26240RMFS0,ОФЗ 26240,ОФЗ-ПД 26240 30/07/2036,TQOB,ofz_bond,2036-07-30,,1000.0,SUR,650000000.0,,7.0,34.9,2.0,,57.499,56.723,57.676,56.789,56.76,640423,364467215.69,9895,9.01,16.41,16.42,2264.0,6.2,OK
2026-09-28,RU000A103DS4,RU000A103DS4,СибурХ Б03,СИБУР Холдинг БО-03,TQCB,exchange_bond,2031-07-01,,1000.0,SUR,10000000.0,,15.5,77.29,2.0,,101.1,101.06,102.06,101.79,101.37,352,356812.3,66,35.25,13.34,13.96,270.0,0.74,OK
2026-09-28,RU000A103QN7,RU000A103QN7,ГазпромК 3,Газпром капитал ООО 001Б-03,TQCB,corporate_bond,,,5000000.0,SUR,12000.0,,16.51,411619.18,2.0,,89.5,89.5,89.9,89.9,89.74,7,31409500.0,4,13569.86,18.36,18.4,,,OK
2026-09-28,RU000A104362,RU000A104362,ВСК 1P-02R,Восточная Стивидор.Ком 1P-02R,TQCB,exchange_bond,2026-11-17,,1000.0,SUR,7500000.0,,9.55,47.62,2.0,,99.46,99.25,99.5,99.49,99.4,79,78525.8,24,34.54,13.71,14.46,49.0,0.13,OK
2026-09-28,RU000A104B46,RU000A104B46,ГПБ001P21P,ГПБ (АО) БО 001Р-21Р,TQCB,exchange_bond,2031-12-27,,1000.0,SUR,30000000.0,,16.25,81.47,2.0,,101.94,101.41,101.95,101.59,101.64,559,568145.7,43,41.4,16.09,16.06,821.0,2.25,OK
2026-09-28,RU000A104WF9,RU000A104WF9,Славнеф2Р4,Славнефть БО 002Р-04,TQCB,exchange_bond,2032-06-11,,1000.0,SUR,10000000.0,,18.0,44.88,4.0,,103.18,102.81,103.31,102.99,103.14,667,687958.8,82,4.93,16.18,16.04,411.0,1.13,OK
2026-09-28,RU000A105559,RU000A105559,ФСК РС1Р6,ФСК Россети ПАО БО 001P-06R,TQCB,exchange_bond,2032-08-18,,1000.0,SUR,15000000.0,,10.0,24.93,4.0,,96.39,95.51,97.46,96.39,96.17,74,71166.7,26,9.04,15.04,15.33,321.0,0.88,OK
2026-09-28,RU000A1055Y4,RU000A1055Y4,ПочтаР2P04,Почта России БО-002P-04,TQCB,exchange_bond,2032-08-25,,1000.0,SUR,20000000.0,,9.25,46.12,2.0,,93.44,93.22,94.82,93.49,93.5,2490,2328199.7,153,6.59,17.76,17.75,333.0,0.91,OK
2026-09-28,RU000A105FZ9,SU26241RMFS8,ОФЗ 26241,ОФЗ-ПД 26241 17/11/32,TQOB,ofz_bond,2032-11-17,,1000.0,SUR,750000000.0,,9.5,47.37,2.0,,76.93,76.322,77.119,76.518,76.812,834781,641212138.24,3639,32.27,16.17,16.08,1602.0,4.39,OK
2026-09-28,RU000A105GW4,RU000A105GW4,ГПБ001P22P,ГПБ (АО) БО 001Р-22Р,TQCB,exchange_bond,2032-11-24,,1000.0,SUR,20000000.0,,17.5,88.22,2.0,,104.03,103.92,104.63,104.09,104.23,317,330395.0,80,60.89,15.14,15.04,525.0,1.44,OK
2026-09-28,RU000A105KR6,RU000A105KR6,ВСК 1P-03R,Восточная Стивидор.Ком 1P-03R,TQCB,exchange_bond,2027-11-30,,1000.0,SUR,15000000.0,,11.25,56.1,2.0,,94.63,94.22,95.03,94.74,94.51,2155,2036782.6,163,36.37,16.99,17.24,397.0,1.09,OK
2026-09-28,RU000A105L27,RU000A105L27,Систем1P24,АФК Система БО 001Р-24,TQCB,exchange_bond,2032-11-24,,1000.0,SUR,10000000.0,,18.0,44.88,4.0,,99.56,99.5,99.99,99.58,99.72,35432,35313769.8,1801,12.82,21.81,20.92,69.0,0.19,OK
2026-09-28,RU000A105NB4,RU000A105NB4,ТГК-1БО1P1,ТГК-1 БО-001Р-01,TQCB,exchange_bond,2027-12-16,,1000.0,SUR,5000000.0,,15.0,74.79,2.0,,100.2,99.78,100.22,100.22,100.08,47,47036.2,10,41.92,14.22,14.89,84.0,0.23,OK
2026-09-28,RU000A105NK5,RU000A105NK5,МОЭК БО1P5,МОЭК ПАО БО 001Р-05,TQCB,exchange_bond,2028-12-14,,1000.0,SUR,5000000.0,,15.0,74.79,2.0,,100.14,100.14,103.6,100.4,100.47,28,28131.0,7,41.92,13.36,13.03,84.0,0.23,OK
2026-09-28,RU000A105PH6,RU000A105PH6,Россети1Р7,Россети ПАО БО 001P-07R,TQCB,exchange_bond,2037-12-08,,1000.0,SUR,30000000.0,,10.0,24.93,4.0,,97.14,96.46,97.46,97.34,97.13,51,49534.0,15,1.64,14.59,14.94,262.0,0.72,OK
2026-09-28,RU000A105RV3,SU26242RMFS6,ОФЗ 26242,ОФЗ-ПД 26242 29/08/29,TQOB,ofz_bond,2029-08-29,,1000.0,SUR,529356615.0,,9.0,44.88,2.0,,87.511,87.412,87.957,87.53,87.586,78356,68628938.44,1911,6.41,14.89,14.86,945.0,2.59,OK
2026-09-28,RU000A105TY3,RU000A105TY3,ВымпелК1Р6,Вымпел-Коммуникации 001Р-06,TQCB,exchange_bond,2028-02-14,,1000.0,SUR,21795314.0,,10.55,26.3,4.0,,94.77,94.27,94.86,94.42,94.32,1345,1268563.1,60,12.14,15.98,16.07,468.0,1.28,OK
2026-09-28,RU000A105VC5,RU000A105VC5,Полюс Б1P3,Полюс ПБО-03,TQCB,exchange_bond,2028-02-11,,1000.0,SUR,20000000.0,,10.4,51.86,2.0,,95.61,95.37,95.95,95.75,95.79,947,907102.1,227,12.82,14.37,14.33,473.0,1.3,OK
2026-09-28,RU000A105W08,RU000A105W08,МЕТАЛИН1P4,МЕТАЛЛОИНВЕСТ 001P-04,TQCB,exchange_bond,2027-02-17,,1000.0,SUR,7000000.0,,,,2.0,,100.24,99.59,100.28,99.97,99.97,126,125962.5,7,16.77,15.58,15.58,141.0,0.39,OK
2026-09-28,RU000A105YB1,RU000A105YB1,Медси 1P02,Группа компаний Медси 001P-02,TQCB,exchange_bond,2038-02-25,,1000.0,SUR,3000000.0,,13.0,32.41,4.0,,99.3,99.16,99.4,99.4,99.31,217,215499.8,23,6.41,15.15,15.38,164.0,0.45,OK
2026-09-28,RU000A106375,RU000A106375,ГазпромК07,Газпром Капитал 07,TQCB,corporate_bond,2028-04-05,,1000.0,SUR,40000000.0,,,,4.0,,99.66,99.53,99.8,99.66,99.74,7933,7912628.0,126,34.46,15.73,15.66,490.0,1.34,OK
2026-09-28,RU000A1064G3,RU000A1064G3,ГПБ001P26P,ГПБ (АО) БО 001Р-26Р,TQCB,exchange_bond,2033-04-18,,1000.0,SUR,10427011.0,,10.0,50.14,2.0,,99.8,99.44,99.8,99.67,99.57,21338,21246714.4,60,44.66,16.06,17.94,22.0,0.06,OK
2026-09-28,RU000A106565,RU000A106565,Газпнф3P6R,Газпром нефть БО 003P-06R,TQCB,exchange_bond,2028-04-14,,1000.0,SUR,22000000.0,,15.55,38.77,4.0,,100.1,100.0,100.29,100.01,100.18,3327,3330467.6,48,31.1,15.69,15.55,498.0,1.36,OK
2026-09-28,RU000A106672,RU000A106672,ГазпромКP5,Газпром капитал ООО БО-001Р-05,TQCB,exchange_bond,2028-04-20,,1000.0,SUR,30000000.0,,9.8,24.43,4.0,,97.46,97.32,97.55,97.42,97.52,5860,5714793.0,115,17.99,15.36,15.15,203.0,0.56,OK
2026-09-28,RU000A1069N8,RU000A1069N8,НорНик БО9,ГМК Нор.никель БО-09,TQCB,exchange_bond,2028-05-17,,1000.0,SUR,60000000.0,,,,4.0,,100.43,100.06,100.43,100.21,100.14,7154,7164000.2,134,16.68,15.32,15.38,532.0,1.46,OK
2026-09-28,RU000A106D59,RU000A106D59,МБЭС 2P-01,Межд.Банк Эк.Сотруд. 002P-01,TQCB,corporate_bond,2033-06-02,,1000.0,SUR,1700000.0,,13.5,33.66,4.0,,98.5,98.5,99.9,99.9,99.48,24,23875.7,7,6.66,14.28,14.64,488.0,1.34,OK
2026-09-28,RU000A106E90,SU26243RMFS4,ОФЗ 26243,ОФЗ-ПД 26243 19/05/38,TQOB,ofz_bond,2038-05-19,,1000.0,SUR,750000000.0,,9.8,48.87,2.0,,68.38,67.6,68.389,67.684,67.812,739327,501413622.78,6031,31.42,16.64,16.6,2166.0,5.93,OK
2026-09-28,RU000A106K27,RU000A106K27,Медси 1P03,Группа компаний Медси 001P-03,TQCB,exchange_bond,2038-06-28,,1000.0,SUR,3000000.0,,16.5,41.14,4.0,,99.89,99.83,100.11,99.9,99.9,4973,4968225.3,162,34.81,19.14,19.14,15.0,0.04,OK
2026-09-28,RU000A106K43,RU000A106K43,РЖД 1Р-26R,РЖД БО 001Р-26R,TQCB,exchange_bond,2028-07-19,,1000.0,SUR,30000000.0,,15.11,12.83,12.0,,99.46,99.24,99.52,99.49,99.34,9934,9867977.4,285,9.11,16.1,16.21,577.0,1.58,OK
2026-09-28,RU000A106LL5,RU000A106LL5,ВЭБP-37,ВЭБ.РФ ПБО-002Р-37,TQCB,exchange_bond,2032-08-25,,1000.0,SUR,40000000.0,,,,4.0,,99.33,98.5,100.25,99.54,99.51,14058,13989183.7,223,11.21,17.1,17.11,1434.0,3.93,OK
2026-09-28,RU000A106MS8,RU000A106MS8,ГазК 2Б-01,Газпром капитал ООО 002Б-01,TQCB,corporate_bond,,,5000000.0,SUR,24000.0,,12.91,321865.75,2.0,,,,,,,0,0.0,0,111415.07,,,,,OK
2026-09-28,RU000A106YE3,RU000A106YE3,МгдОбл2023,Магаданская область ГО2023,TQCB,subfederal_bond,2028-09-20,,700.0,SUR,2000000.0,,13.75,24.0,4.0,,98.4,98.11,98.54,98.25,98.26,1428,982206.05,115,1.32,15.92,15.91,512.0,1.4,OK
2026-09-28,RU000A106YH6,RU000A106YH6,ГПБ003P01P,ГПБ (АО) БО 003Р-01Р,TQCB,exchange_bond,2033-09-27,,1000.0,SUR,3402112.0,,12.0,59.51,2.0,,98.82,97.63,98.83,98.28,98.31,3511,3451750.7,154,0.33,16.33,16.25,183.0,0.5,OK
2026-09-28,RU000A106ZU6,RU000A106ZU6,РусГидБП12,РусГидро (ПАО) БО-П12,TQCB,exchange_bond,2028-10-04,,1000.0,SUR,30000000.0,,15.45,38.52,4.0,,99.48,99.09,99.48,99.33,99.69,2112,2097446.3,157,34.71,16.25,16.01,628.0,1.72,OK
2026-09-28,RU000A107050,RU000A107050,ГазпКап2P9,Газпром капитал БО-002Р-09,TQCB,exchange_bond,2028-04-04,,1000.0,SUR,30000000.0,,,,4.0,,99.57,99.26,99.57,99.32,99.27,1692,1679715.9,32,34.78,15.98,16.03,489.0,1.34,OK
2026-09-28,RU000A107084,RU000A107084,ГазКап2P10,Газпром капитал БО-002Р-10,TQCB,exchange_bond,2028-04-04,,1000.0,SUR,30000000.0,,,,4.0,,99.56,99.42,99.61,99.43,99.45,708,704089.0,76,34.78,15.89,15.87,489.0,1.34,OK
2026-09-28,RU000A1074G2,SU26244RMFS2,ОФЗ 26244,ОФЗ-ПД 26244 15/03/34,TQOB,ofz_bond,2034-03-15,,1000.0,SUR,1250000000.0,,11.25,56.1,2.0,,80.76,80.14,80.889,80.22,80.294,467295,375152895.46,5017,1.54,16.49,16.47,1805.0,4.95,OK
2026-09-28,RU000A1075S4,RU000A1075S4,ИКС5Фин3P2,ИКС 5 ФИНАНС 003Р-02,TQCB,exchange_bond,2026-10-17,,1000.0,SUR,20000000.0,,15.1,12.41,12.0,,99.99,99.93,100.1,100.07,100.01,3335,3335463.8,165,4.55,14.53,15.92,18.0,0.05,OK
2026-09-28,RU000A107605,RU000A107605,Газпнф3P7R,Газпром нефть БО 003P-07R,TQCB,exchange_bond,2027-11-02,,1000.0,SUR,34000000.0,,,,4.0,,99.77,99.53,99.93,99.83,99.76,1534,1531150.3,94,22.88,15.5,15.58,368.0,1.01,OK
2026-09-28,RU000A1077V4,RU000A1077V4,РСЭКСМБ2Р4,РОСЭКСИМБАНК 002P-04,TQCB,exchange_bond,2033-11-03,,1000.0,SUR,20000000.0,,16.0,39.89,4.0,,100.11,100.01,100.2,100.07,100.2,90902,91080467.9,56,20.16,16.26,15.16,49.0,0.13,OK
2026-09-28,RU000A1078S8,RU000A1078S8,МТС 2P-02,Мобильные ТелеСистемы 002P-02,TQCB,exchange_bond,2028-11-15,,1000.0,SUR,13500000.0,,,,4.0,,99.35,99.02,99.35,99.18,99.2,1406,1394710.8,116,16.63,16.05,16.04,671.0,1.84,OK
2026-09-28,RU000A1079S6,RU000A1079S6,МЕТАЛИН1P6,МЕТАЛЛОИНВЕСТ 001P-06,TQCB,exchange_bond,2027-11-23,,1000.0,SUR,15000000.0,,,,4.0,,99.46,98.77,99.51,98.9,98.99,4516,4470440.5,47,14.16,16.64,16.54,388.0,1.06,OK
2026-09-28,RU000A107A28,RU000A107A28,sГПБ005P1P,ГПБ (АО) БО 005Р-01Р,TQCB,exchange_bond,2026-11-28,,1000.0,SUR,15000000.0,,12.75,32.14,4.0,,100.0,99.81,100.0,99.81,99.86,93,92871.9,20,10.83,14.6,14.25,60.0,0.16,OK
2026-09-28,RU000A107AG6,RU000A107AG6,РоссЦP03,Россети Центр ПАО 001Р-03,TQCB,exchange_bond,2027-05-18,,1000.0,SUR,5000000.0,,14.9,12.25,12.0,,99.98,99.75,99.99,99.9,99.82,5594,5584197.0,83,3.27,15.67,15.82,221.0,0.61,OK
2026-09-28,RU000A107AM4,RU000A107AM4,АЛЬФАБ2Р25,АЛЬФА-БАНК Б2Р25,TQCB,exchange_bond,2026-11-26,,1000.0,SUR,11000000.0,,13.25,33.03,4.0,,100.11,99.8,100.12,99.99,99.89,1385,1383525.3,49,11.62,13.9,14.61,58.0,0.16,OK
2026-09-28,RU000A107AU7,RU000A107AU7,sВЭБP-39,ВЭБ.РФ ПБО-002Р-39,TQCB,exchange_bond,2030-05-23,,1000.0,SUR,40000000.0,,,,4.0,,98.5,98.39,98.55,98.42,98.43,449,441965.3,52,13.47,16.78,16.78,1034.0,2.83,OK
2026-09-28,RU000A107DP1,RU000A107DP1,РСетиМР1Р5,ПАО Россети Моск.рег. БО1Р05,TQCB,exchange_bond,2026-11-28,,1000.0,SUR,8000000.0,,15.15,12.45,12.0,,100.18,99.99,100.27,100.27,100.18,2332,2336190.3,88,12.04,14.28,14.91,60.0,0.16,OK
2026-09-28,RU000A107F49,RU000A107F49,ГПБ005P02P,ГПБ (АО) БО 005Р-02Р,TQCB,exchange_bond,2027-06-20,,1000.0,SUR,12696723.0,,14.0,11.51,12.0,,99.2,99.07,99.3,99.1,99.15,4555,4516331.1,128,3.07,15.89,15.81,252.0,0.69,OK
2026-09-28,RU000A107GC2,RU000A107GC2,ДОМ 2P3,ДОМ.РФ ПАО 002P-03,TQCB,exchange_bond,2027-12-17,,1000.0,SUR,40000000.0,,,,4.0,,100.46,99.9,100.47,100.05,100.0,72243,72245377.6,25,4.16,15.16,15.21,413.0,1.13,OK
2026-09-28,RU000A107HG1,RU000A107HG1,Газпнф3P8R,Газпром нефть БО 003P-08R,TQCB,exchange_bond,2026-12-12,,1000.0,SUR,12000000.0,,,,12.0,,100.2,100.07,100.21,100.19,100.14,6225,6233417.4,118,6.29,15.2,15.48,73.0,0.2,OK
2026-09-28,RU000A107HH9,RU000A107HH9,Газпнф3P9R,Газпром нефть БО 003P-09R,TQCB,exchange_bond,2027-12-23,,1000.0,SUR,15000000.0,,,,4.0,,100.22,100.04,100.3,100.3,100.29,5168,5183114.3,28,1.7,15.2,15.21,419.0,1.15,OK
2026-09-28,RU000A107S10,RU000A107S10,РСХБ2Р3,Россельхозбанк БO-03-002P,TQCB,exchange_bond,2027-01-29,,1000.0,SUR,42000000.0,,15.21,12.92,12.0,,100.03,100.03,100.28,100.06,100.1,9017,9026112.8,294,0.42,15.83,15.69,120.0,0.33,OK
2026-09-28,RU000A107UA7,RU000A107UA7,ГПБ005P03P,ГПБ (АО) БО 005Р-03Р,TQCB,exchange_bond,2034-02-21,,1000.0,SUR,22208714.0,,13.7,34.16,4.0,,98.85,98.84,99.17,99.09,98.84,3854,3809480.9,20,10.13,16.0,16.44,239.0,0.65,OK
2026-09-28,RU000A107UW1,RU000A107UW1,Газпн3P10R,Газпром нефть БО 003P-10R,TQCB,exchange_bond,2027-02-12,,1000.0,SUR,50000000.0,,,,12.0,,100.08,99.99,100.5,100.15,100.17,46252,46332630.0,446,5.45,15.7,15.64,132.0,0.36,OK
2026-09-28,RU000A107UX9,RU000A107UX9,Газпн3P11R,Газпром нефть БО 003P-11R,TQCB,exchange_bond,2027-02-24,,1000.0,SUR,20000000.0,,,,4.0,,100.18,100.01,100.24,100.04,100.06,188,188103.6,29,13.85,15.72,15.66,145.0,0.4,OK
2026-09-28,RU000A1083A6,RU000A1083A6,НорНикБ1P7,ГМК Нор.никель БО-001Р-07,TQCB,exchange_bond,2029-02-28,,1000.0,SUR,100000000.0,,15.3,12.58,12.0,,100.14,100.07,100.18,100.17,100.13,20987,21013580.1,354,6.71,16.06,16.09,742.0,2.03,OK
2026-09-28,RU000A1083U4,RU000A1083U4,МТС 2P-04,Мобильные ТелеСистемы 002P-04,TQCB,exchange_bond,2027-09-23,,1000.0,SUR,17000000.0,,,,4.0,,99.81,99.73,99.96,99.88,99.88,3757,3752371.9,111,1.7,15.56,15.56,340.0,0.93,OK
2026-09-28,RU000A1083W0,RU000A1083W0,МТС 2P-05,Мобильные ТелеСистемы 002P-05,TQCB,exchange_bond,2027-09-23,,1000.0,SUR,25000000.0,,,,4.0,,99.86,99.86,100.11,100.09,100.06,6391,6394648.0,226,1.68,15.41,15.44,340.0,0.93,OK
2026-09-28,RU000A108447,RU000A108447,Росагрл1Р5,Росагролизинг 001P-05,TQCB,corporate_bond,2029-05-02,,1000.0,SUR,7000000.0,,15.65,13.29,12.0,,96.59,96.0,96.97,96.56,96.49,4792,4623907.5,142,6.0,18.42,18.46,779.0,2.13,OK
2026-09-28,RU000A108EF8,SU26247RMFS5,ОФЗ 26247,ОФЗ-ПД 26247 11/05/39,TQOB,ofz_bond,2039-05-11,,1000.0,SUR,1000000000.0,,12.25,61.08,2.0,,80.587,79.51,80.637,79.752,79.905,2413961,1928884402.84,20210,41.61,16.67,16.63,2108.0,5.78,OK
2026-09-28,RU000A108EG6,SU26245RMFS9,ОФЗ 26245,ОФЗ-ПД 26245 26/09/35,TQOB,ofz_bond,2035-09-26,,1000.0,SUR,1250000000.0,,12.0,59.84,2.0,,81.93,81.091,81.94,81.142,81.326,2535465,2061922855.7,9908,56.88,16.67,16.62,1830.0,5.01,OK
2026-09-28,RU000A108EH4,SU26248RMFS3,ОФЗ 26248,ОФЗ-ПД 26248 16/05/40,TQOB,ofz_bond,2040-05-16,,1000.0,SUR,1000000000.0,,12.25,61.08,2.0,,80.096,79.221,80.145,79.299,79.562,1830397,1456291596.76,26523,39.27,16.66,16.6,2162.0,5.92,OK
2026-09-28,RU000A108G05,RU000A108G05,ЕврХол3P01,ЕвразХолдинг Финанс 003P-01,TQCB,exchange_bond,2026-11-07,,1000.0,SUR,40000000.0,,,,12.0,,99.91,99.84,100.01,99.98,99.92,2658,2655957.2,175,8.38,16.51,17.17,39.0,0.11,OK
2026-09-28,RU000A108GR8,RU000A108GR8,Ростел1P7R,Ростелеком ПАО 001P-07R,TQCB,exchange_bond,2027-05-20,,1000.0,SUR,15000000.0,,,,4.0,,100.16,100.0,100.2,100.02,100.17,230,230388.3,24,16.24,15.4,15.12,223.0,0.61,OK
2026-09-28,RU000A108JV4,RU000A108JV4,ГазпКап3P2,Газпром капитал БО-003Р-02,TQCB,exchange_bond,2028-05-07,,1000.0,SUR,40000000.0,,,,12.0,,99.88,99.81,100.0,99.88,99.91,11569,11558099.6,358,5.43,15.96,15.93,522.0,1.43,OK
2026-09-28,RU000A108VL0,RU000A108VL0,ГПБ005P12P,ГПБ (АО) БО 005Р-12Р,TQCB,exchange_bond,2028-02-01,,1000.0,SUR,537366.0,,14.5,11.92,12.0,,99.36,99.17,99.38,99.17,99.27,117,116148.2,22,10.73,15.72,15.62,444.0,1.22,OK
2026-09-28,RU000A108Y86,RU000A108Y86,Европлн1Р7,ПАО ЛК Европлан 001P-07,TQCB,exchange_bond,2027-06-24,,750.0,SUR,12000000.0,,,,12.0,,100.12,100.1,100.43,100.26,100.23,5766,4334562.0,324,0.33,16.09,16.16,171.0,0.47,OK
2026-09-28,RU000A108Z85,RU000A108Z85,РЖД 1Р-32R,РЖД БО 001P-32R,TQCB,exchange_bond,2029-08-18,,1000.0,SUR,45000000.0,,15.18,12.89,12.0,,98.33,98.17,98.81,98.48,98.28,19285,18954122.1,548,12.4,16.7,16.8,864.0,2.37,OK
2026-09-28,RU000A108ZH9,RU000A108ZH9,Славнеф2Р5,Славнефть БО 002Р-05,TQCB,exchange_bond,2034-05-15,,1000.0,SUR,10000000.0,,,,12.0,,99.94,99.67,100.0,99.95,99.97,2326,2325214.2,77,1.69,16.1,16.06,255.0,0.7,OK
2026-09-28,RU000A108ZT4,RU000A108ZT4,РСЭКСМБ2Р5,РОСЭКСИМБАНК 002P-05,TQCB,exchange_bond,2034-07-05,,1000.0,SUR,15000000.0,,,,4.0,,100.69,100.26,100.69,100.44,100.16,29898,29987797.0,33,32.79,15.65,16.07,272.0,0.75,OK
2026-09-28,RU000A109098,RU000A109098,iПозитивР1,Группа Позитив 001Р-01,TQCB,exchange_bond,2027-07-04,,1000.0,SUR,5000000.0,,,,12.0,,100.23,100.23,100.6,100.26,100.34,2086,2093114.9,177,9.03,15.92,15.79,262.0,0.72,OK
2026-09-28,RU000A1094F2,RU000A1094F2,ЧеркизБ1P7,ГруппаЧеркизово БО-001Р-07,TQCB,exchange_bond,2027-07-15,,1000.0,SUR,7000000.0,,,,12.0,,100.66,100.01,100.66,100.25,100.17,2924,2928937.2,220,4.21,15.52,15.64,273.0,0.75,OK
2026-09-28,RU000A109528,RU000A109528,Россет1Р13,Россети ПАО БО 001P-13R,TQCB,exchange_bond,2027-07-18,,1000.0,SUR,65000000.0,,,,12.0,,100.5,100.02,100.6,100.04,100.11,943,944005.8,87,2.88,15.44,15.33,276.0,0.76,OK
2026-09-28,RU000A1097S8,RU000A1097S8,ГПБ005P04P,ГПБ (АО) БО 005Р-04Р,TQCB,exchange_bond,2028-02-08,,1000.0,SUR,779689.0,,,,4.0,,99.16,97.33,99.29,98.95,98.09,1637,1605812.2,96,19.4,15.99,16.8,451.0,1.24,OK
2026-09-28,RU000A109B33,RU000A109B33,Газпн3P13R,Газпром нефть БО 003P-13R,TQCB,exchange_bond,2028-02-09,,1000.0,SUR,55000000.0,,,,12.0,,100.15,100.02,100.15,100.12,100.14,38958,39010728.5,449,4.61,15.75,15.73,452.0,1.24,OK
2026-09-28,RU000A109JS8,RU000A109JS8,РостелP11R,Ростелеком ПАО 001P-11R,TQCB,exchange_bond,2027-09-13,,1000.0,SUR,15000000.0,,,,4.0,,100.53,99.92,100.53,99.92,100.03,51,51013.9,10,5.83,15.51,15.37,330.0,0.9,OK
2026-09-28,RU000A109JW0,RU000A109JW0,КАМАЗ БП12,КАМАЗ ПАО БО-П12,TQCB,exchange_bond,2027-09-14,,1000.0,SUR,8000000.0,,,,4.0,,96.8,96.53,96.9,96.89,96.77,3971,3842688.8,175,5.52,19.83,20.0,330.0,0.9,OK
2026-09-28,RU000A109KC0,RU000A109KC0,ИКС5Фин3P6,ИКС 5 ФИНАНС 003P-06,TQCB,exchange_bond,2035-11-04,,1000.0,SUR,26000000.0,,14.4,11.84,12.0,,100.62,100.1,101.05,100.36,100.17,3681,3687162.1,86,2.37,15.01,15.21,385.0,1.05,OK
2026-09-28,RU000A109KW8,RU000A109KW8,НКНХ 1Р-03,Нижнекамскнефтехим об. 001Р-03,TQCB,exchange_bond,2031-08-15,,1000.0,SUR,7500000.0,,15.2,12.49,12.0,,99.76,99.57,99.98,99.94,99.71,206,205402.1,45,7.5,15.83,16.03,474.0,1.3,OK
2026-09-28,RU000A109L49,RU000A109L49,АЛРОСА1Р1,АЛРОСА 001Р-01,TQCB,exchange_bond,2028-09-02,,1000.0,SUR,45000000.0,,,,12.0,,99.97,99.72,100.02,99.72,99.82,4635,4626816.2,274,6.25,16.05,15.98,613.0,1.68,OK
2026-09-28,RU000A109R19,RU000A109R19,ГПБФин1Р2,ГПБ Финанс 001Р-02Р,TQCB,exchange_bond,2027-10-24,,1000.0,SUR,10000000.0,,,,4.0,,99.6,99.12,99.71,99.25,99.27,477,473506.9,13,27.23,16.62,16.6,358.0,0.98,OK
2026-09-28,RU000A109RR3,RU000A109RR3,Ульоб34009,Минфин Ульяновской обл. 34009,TQCB,subfederal_bond,2029-10-04,,1000.0,SUR,3000000.0,,22.5,56.1,4.0,,116.36,115.11,116.36,115.2,115.19,4426,5098096.0,133,31.44,15.18,15.19,657.0,1.8,OK
2026-09-28,RU000A109S91,RU000A109S91,РСетиМР1P7,ПАО Россети Моск.рег. БО1Р07,TQCB,exchange_bond,2026-10-01,,1000.0,SUR,5000000.0,,,,12.0,,100.0,100.0,100.1,100.02,100.02,1232,1232245.4,9,11.2,12.11,12.11,2.0,0.01,OK
2026-09-28,RU000A109TJ6,RU000A109TJ6,ПСБ 3P-09,"ПАО ""ПСБ"" 003P-09",TQCB,exchange_bond,2027-10-15,,1000.0,SUR,17000000.0,,15.5,13.16,12.0,,100.54,100.06,100.58,100.34,100.25,30806,30884076.3,278,11.89,15.54,15.65,351.0,0.96,OK
2026-09-28,RU000A109TW9,RU000A109TW9,НорНик Б10,ГМК Нор.никель БО-10,TQCB,exchange_bond,2029-09-26,,1000.0,SUR,100000000.0,,,,12.0,,100.13,100.12,100.79,100.27,100.6,736,740417.2,65,6.62,15.58,15.37,638.0,1.75,OK
2026-09-28,RU000A109UD7,RU000A109UD7,Атомэнпр03,Атомэнергопром АО 001Р-03,TQCB,exchange_bond,2027-10-08,,1000.0,SUR,20000000.0,,,,12.0,,100.41,100.4,100.76,100.42,100.44,839,842676.2,87,6.27,15.16,15.14,347.0,0.95,OK
2026-09-28,RU000A109VL8,RU000A109VL8,СовкомБОП5,Совкомбанк БО-П05,TQCB,exchange_bond,2027-10-10,,1000.0,SUR,20507209.0,,,,12.0,,100.48,100.3,100.64,100.43,100.4,9483,9524375.8,269,5.7,16.01,16.04,348.0,0.95,OK
2026-09-28,RU000A109VM6,RU000A109VM6,КАМАЗ БП13,КАМАЗ ПАО БО-П13,TQCB,exchange_bond,2026-10-15,,1000.0,SUR,5000000.0,,,,12.0,,99.9,99.87,100.02,99.9,99.9,1886,1884073.2,53,5.61,19.47,19.47,16.0,0.04,OK
2026-09-28,RU000A10A349,RU000A10A349,РусГид2Р01,РусГидро БО-002Р-01,TQCB,exchange_bond,2026-11-04,,1000.0,SUR,40000000.0,,,13.15,12.0,,100.18,100.08,100.2,100.12,100.12,6203,6210301.4,160,10.08,15.69,15.69,36.0,0.1,OK
2026-09-28,RU000A10A4S7,RU000A10A4S7,ФосАгро2П1,ФосАгро БО-02-01,TQCB,exchange_bond,2029-10-27,,1000.0,SUR,30371791.0,,,,12.0,,100.85,100.16,100.92,100.9,100.7,3551,3575801.4,142,6.58,9.53,11.17,48.0,0.13,OK
2026-09-28,RU000A10A7S0,RU000A10A7S0,iСелктл1Р5,Селектел 001P-05R,TQCB,exchange_bond,2027-05-23,,1000.0,SUR,4000000.0,,,,12.0,,101.69,101.2,101.76,101.43,101.42,7085,7185619.0,345,1.48,16.35,16.36,224.0,0.61,OK
2026-09-28,RU000A10ABC2,RU000A10ABC2,Новосиб 26,Новосибирская область 34026,TQCB,subfederal_bond,2027-11-28,,700.0,SUR,27800000.0,,18.5,10.64,12.0,,102.34,102.19,102.64,102.42,102.44,2330,1670847.43,120,8.52,13.24,13.19,159.0,0.44,OK
2026-09-28,RU000A10AC91,RU000A10AC91,Башкорт24,Республика Башкортостан 34014,TQCB,subfederal_bond,2027-12-14,,750.0,SUR,10500000.0,,23.75,14.64,12.0,,107.45,107.17,107.63,107.63,107.52,2232,1799803.73,212,9.76,14.3,14.46,264.0,0.72,OK
2026-09-28,RU000A10ASC6,RU000A10ASC6,Европлн1Р9,ПАО ЛК Европлан 001P-09,TQCB,exchange_bond,2028-07-14,,800.0,SUR,16000000.0,,24.0,15.78,12.0,,107.08,106.81,107.21,107.07,106.97,12054,10315508.24,854,2.63,16.73,16.86,304.0,0.83,OK
2026-09-28,RU000A10ASW4,RU000A10ASW4,КАМАЗ БП14,КАМАЗ ПАО БО-П14,TQCB,exchange_bond,2027-01-25,,1000.0,SUR,10000000.0,,,,12.0,,100.45,100.36,100.6,100.6,100.47,26548,26674074.5,179,0.48,16.43,16.91,116.0,0.32,OK
2026-09-28,RU000A10AT35,RU000A10AT35,ИКС5Ф3P11,ИКС 5 ФИНАНС 003P-11,TQCB,exchange_bond,2035-03-02,,1000.0,SUR,15000000.0,,17.25,14.18,12.0,,101.51,101.15,101.56,101.3,101.3,2647,2681343.2,223,6.14,15.31,15.31,163.0,0.45,OK
2026-09-28,RU000A10AV98,RU000A10AV98,МТС 1P-28,Мобильные ТелеСистемы 001P-28,TQCB,exchange_bond,2028-01-30,,1000.0,SUR,20000000.0,,13.25,10.89,12.0,,99.5,99.33,99.56,99.42,99.43,3734,3712589.3,380,7.62,15.08,15.07,241.0,0.66,OK
2026-09-28,RU000A10AZ60,RU000A10AZ60,РЖД 1Р-38R,РЖД БО 001P-38R,TQCB,exchange_bond,2030-03-02,,1000.0,SUR,30000000.0,,17.9,14.71,12.0,,108.14,107.8,108.24,107.98,107.96,35470,38292560.3,1235,4.41,15.97,15.98,953.0,2.61,OK
2026-09-28,RU000A10B115,RU000A10B115,РЖД 1Р-40R,РЖД БО 001P-40R,TQCB,exchange_bond,2035-01-14,,1000.0,SUR,40000000.0,,17.65,14.51,12.0,,107.79,107.17,107.89,107.39,107.54,8542,9185695.9,697,0.0,16.08,16.02,1000.0,2.74,OK
2026-09-28,RU000A10B1N3,RU000A10B1N3,МТС 2P-07,Мобильные ТелеСистемы 002P-07,TQCB,exchange_bond,2028-02-23,,1000.0,SUR,20000000.0,,14.6,12.0,12.0,,100.55,99.99,103.2,100.0,100.5,6549,6581629.8,410,10.8,15.62,14.24,150.0,0.41,OK
2026-09-28,RU000A10B214,RU000A10B214,РостелP15R,Ростелеком ПАО 001P-15R,TQCB,exchange_bond,2027-03-02,,1000.0,SUR,15000000.0,,18.75,15.41,12.0,,102.05,101.91,102.24,101.95,102.01,4027,4107794.3,373,12.84,14.89,14.72,147.0,0.4,OK
2026-09-28,RU000A10B495,RU000A10B495,РЖД 1Р-41R,РЖД БО 001P-41R,TQCB,exchange_bond,2040-03-01,,1000.0,SUR,30000000.0,,17.15,42.76,4.0,,104.4,103.73,104.51,103.73,104.08,6176,6428284.0,306,5.17,16.21,16.02,754.0,2.07,OK
2026-09-28,RU000A10B4D8,RU000A10B4D8,МЕТАЛИНP13,МЕТАЛЛОИНВЕСТ 001P-13,TQCB,exchange_bond,2027-03-10,,1000.0,SUR,30000000.0,,,,12.0,,100.28,100.28,100.3,100.3,100.29,488,489432.1,20,7.41,15.96,15.98,156.0,0.43,OK
2026-09-28,RU000A10B4U2,RU000A10B4U2,СибурХ1Р04,СИБУР Холдинг 001Р-04,TQCB,exchange_bond,2032-03-17,,1000.0,SUR,50000000.0,,,,12.0,,100.71,100.01,100.71,100.5,100.54,22692,22814848.6,271,5.88,17.79,17.78,1199.0,3.28,OK
2026-09-28,RU000A10B4X6,RU000A10B4X6,СибурХ1Р06,СИБУР Холдинг 001Р-06,TQCB,exchange_bond,2032-03-17,,1000.0,SUR,43000000.0,,,,12.0,,100.47,100.3,100.8,100.41,100.48,7885,7923002.8,212,5.88,17.82,17.8,1199.0,3.28,OK
2026-09-28,RU000A10BBE6,RU000A10BBE6,Новотр 1Р6,ХК Новотранс 001P-06,TQCB,exchange_bond,2028-09-22,,1000.0,SUR,10500000.0,,18.75,15.41,12.0,,104.19,103.06,104.19,103.91,103.85,1794,1863041.3,218,12.84,17.27,17.32,519.0,1.42,OK
2026-09-28,RU000A10BF48,RU000A10BF48,ЯНДЕКС1Р1,МКПАО ЯНДЕКС 001Р-01,TQCB,exchange_bond,2027-04-11,,1000.0,SUR,40000000.0,,,,12.0,,100.6,100.52,100.79,100.66,100.61,38842,39077455.6,371,6.45,14.95,15.06,186.0,0.51,OK
2026-09-28,RU000A10BFG2,RU000A10BFG2,Атомэнпр05,Атомэнергопром АО 001Р-05,TQCB,exchange_bond,2030-04-11,,1000.0,SUR,40000000.0,,17.3,43.13,4.0,,105.68,105.0,105.68,105.31,105.36,21204,22340737.9,983,35.07,16.23,16.21,968.0,2.65,OK
2026-09-28,RU000A10BG05,RU000A10BG05,Мегафон2Р8,МегаФон ПАО БО-002Р-08,TQCB,exchange_bond,2027-03-13,,1000.0,SUR,15000000.0,,,,12.0,,101.14,100.59,101.36,101.36,101.1,339,342732.9,36,6.06,13.17,13.83,159.0,0.44,OK
2026-09-28,RU000A10BG13,RU000A10BG13,РостелP16R,Ростелеком ПАО 001P-16R,TQCB,exchange_bond,2027-04-12,,1000.0,SUR,15000000.0,,17.65,14.51,12.0,,101.83,101.32,102.12,101.79,101.76,6761,6880300.9,261,6.77,15.11,15.17,186.0,0.51,OK
2026-09-28,RU000A10BGF2,RU000A10BGF2,РЖД 1Р-42R,РЖД БО 001P-42R,TQCB,exchange_bond,2040-04-05,,1000.0,SUR,30000000.0,,17.4,14.3,12.0,,105.03,104.53,105.16,105.16,104.89,6126,6425748.2,415,5.72,16.0,16.14,752.0,2.06,OK
2026-09-28,RU000A10BGJ4,RU000A10BGJ4,Аэрофл2Б01,Аэрофлот П02-БО-01,TQCB,exchange_bond,2028-04-08,,1000.0,SUR,45000000.0,,,,12.0,,101.3,101.16,101.68,101.65,101.4,6175,6261723.3,275,5.39,15.77,15.98,496.0,1.36,OK
2026-09-28,RU000A10BGY3,RU000A10BGY3,МТС 2P-10,Мобильные ТелеСистемы 002P-10,TQCB,exchange_bond,2030-03-30,,1000.0,SUR,15000000.0,,13.25,10.89,12.0,,98.06,97.97,99.2,98.8,98.58,4904,4834298.4,269,3.99,15.24,15.46,433.0,1.19,OK
2026-09-28,RU000A10BK09,RU000A10BK09,Газпн3P14R,Газпром нефть БО 003P-14R,TQCB,exchange_bond,2027-04-27,,1000.0,SUR,42500000.0,,,,12.0,,100.98,100.79,101.09,100.87,100.95,10116,10212204.0,197,12.71,15.02,14.86,202.0,0.55,OK
2026-09-28,RU000A10BK17,RU000A10BK17,Газпн3P15R,Газпром нефть БО 003P-15R,TQCB,exchange_bond,2030-04-11,,1000.0,SUR,120000000.0,,2.0,1.64,12.0,,63.55,63.32,63.73,63.55,63.51,104335,66262768.5,1392,1.59,16.58,16.61,1231.0,3.37,OK
2026-09-28,RU000A10BNF8,RU000A10BNF8,РусГидБП13,РусГидро (ПАО) БО-П13,TQCB,exchange_bond,2027-08-11,,1000.0,SUR,15000000.0,,17.35,14.26,12.0,,103.03,102.81,103.24,103.24,103.03,1410,1452737.0,219,6.18,14.22,14.5,294.0,0.81,OK
2026-09-28,RU000A10BP38,RU000A10BP38,Якут-34005,Республика Саха (Якутия) 34005,TQCB,subfederal_bond,2028-05-11,,900.0,SUR,7700000.0,,16.0,11.84,12.0,,100.91,100.84,101.0,101.0,100.98,1024,930656.16,14,3.55,15.6,15.62,389.0,1.07,OK
2026-09-28,RU000A10BP79,RU000A10BP79,МТС 2P-11,Мобильные ТелеСистемы 002P-11,TQCB,exchange_bond,2030-05-01,,1000.0,SUR,15000000.0,,19.0,15.62,12.0,,100.61,100.2,100.9,100.47,100.58,7413,7456264.7,396,4.68,17.02,16.17,54.0,0.15,OK
2026-09-28,RU000A10BQD6,RU000A10BQD6,МЕТАЛИНP14,МЕТАЛЛОИНВЕСТ 001P-14,TQCB,exchange_bond,2028-05-18,,1000.0,SUR,45000000.0,,,,12.0,,100.27,99.5,101.0,100.27,100.27,2035,2040503.5,80,0.87,16.4,16.4,531.0,1.45,OK
2026-09-28,RU000A10BQX4,RU000A10BQX4,РСетиСЗ1Р1,Россети Северо-Запад 001Р-01,TQCB,exchange_bond,2027-05-26,,1000.0,SUR,5000000.0,,15.9,13.07,12.0,,100.88,100.54,100.98,100.89,100.81,1678,1691573.8,89,0.0,14.89,15.04,229.0,0.63,OK
2026-09-28,RU000A10BRR4,RU000A10BRR4,РусГид2Р06,РусГидро БО-002Р-06,TQCB,exchange_bond,2027-05-30,,1000.0,SUR,50000000.0,,,13.03,12.0,,101.44,100.76,101.45,100.91,100.9,200,202198.6,61,11.29,14.93,14.95,230.0,0.63,OK
2026-09-28,RU000A10BTA6,RU000A10BTA6,РЖД 1Р-43R,РЖД БО 001P-43R,TQCB,exchange_bond,2035-04-27,,1000.0,SUR,40000000.0,,15.9,13.07,12.0,,101.39,100.6,101.39,101.0,100.75,93270,93996954.6,505,7.41,16.58,16.72,795.0,2.18,OK
2026-09-28,RU000A10BTC2,RU000A10BTC2,РостелP18R,Ростелеком ПАО 001P-18R,TQCB,exchange_bond,2027-06-08,,1000.0,SUR,15000000.0,,,,12.0,,100.94,100.66,100.94,100.8,100.79,6273,6322688.8,25,7.34,15.04,15.06,239.0,0.65,OK
2026-09-28,RU000A10BTJ7,RU000A10BTJ7,Ульоб34010,Минфин Ульяновской обл. 34010,TQCB,subfederal_bond,2028-07-14,,700.0,SUR,4000000.0,,18.5,32.29,4.0,,102.83,102.57,102.89,102.76,102.76,814,585512.48,194,25.9,16.9,16.9,391.0,1.07,OK
2026-09-28,RU000A10BV22,RU000A10BV22,Башкорт25,Республика Башкортостан 34015,TQCB,subfederal_bond,2027-06-22,,1000.0,SUR,7000000.0,,16.25,13.36,12.0,,101.1,100.91,101.39,101.0,101.03,3411,3446016.3,119,4.9,15.2,15.13,182.0,0.5,OK
2026-09-28,RU000A10BW62,RU000A10BW62,МТС 2P-12,Мобильные ТелеСистемы 002P-12,TQCB,exchange_bond,2030-06-01,,1000.0,SUR,15000000.0,,13.25,10.89,12.0,,98.5,98.45,98.87,98.46,98.51,1108,1091462.7,103,2.9,15.56,15.52,438.0,1.2,OK
2026-09-28,RU000A10BW70,RU000A10BW70,Томскобл25,Томская область 34074,TQCB,subfederal_bond,2028-03-13,,1000.0,SUR,5000000.0,,18.25,15.0,12.0,,103.06,102.51,103.36,102.69,102.64,40719,41793937.7,1458,5.0,17.28,17.33,445.0,1.22,OK
2026-09-28,RU000A10C5F9,RU000A10C5F9,ЧеркизБ2P2,ГруппаЧеркизово БО-002P-02,TQCB,exchange_bond,2027-07-12,,1000.0,SUR,10000000.0,,,,12.0,,100.8,100.23,100.8,100.39,100.28,2015,2020544.6,70,5.7,16.05,16.22,269.0,0.74,OK
2026-09-28,RU000A10C5Y0,RU000A10C5Y0,ИКС5Фи3P13,ИКС 5 ФИНАНС 003P-13,TQCB,exchange_bond,2035-07-06,,1000.0,SUR,11000000.0,,14.1,11.59,12.0,,100.78,100.35,100.81,100.69,100.64,239,240535.6,38,2.7,14.19,14.25,335.0,0.92,OK
2026-09-28,RU000A10C618,RU000A10C618,Магнит4P08,Магнит ПАО БО-004Р-08,TQCB,exchange_bond,2027-09-12,,1000.0,SUR,75000000.0,,14.95,12.29,12.0,,101.05,100.66,101.05,100.86,100.75,218601,220246627.5,452,4.51,14.91,15.06,325.0,0.89,OK
2026-09-28,RU000A10C6L5,RU000A10C6L5,Атомэнпр07,Атомэнергопром АО 001Р-07,TQCB,exchange_bond,2030-07-19,,1000.0,SUR,80000000.0,,14.35,35.78,4.0,,96.33,95.97,96.57,96.13,96.07,487602,468483551.7,3342,25.95,16.67,16.69,1058.0,2.9,OK
2026-09-28,RU000A10C6W2,RU000A10C6W2,Абрау2P-01,ПАО Абрау – Дюрсо 002P-01,TQCB,exchange_bond,2027-01-19,,1000.0,SUR,500000.0,,15.5,12.74,12.0,,100.2,100.0,100.4,100.22,100.17,2942,2947011.0,186,2.97,15.8,15.99,110.0,0.3,OK
2026-09-28,RU000A10C8C0,RU000A10C8C0,РЖД 1Р-44R,РЖД БО 001P-44R,TQCB,exchange_bond,2029-02-10,,1000.0,SUR,40000000.0,,13.95,11.47,12.0,,97.27,96.78,97.3,97.01,96.96,118497,114891375.6,7721,1.53,16.62,16.65,738.0,2.02,OK
2026-09-28,RU000A10C8T4,RU000A10C8T4,СибурХ1Р07,СИБУР Холдинг 001Р-07,TQCB,exchange_bond,2029-02-11,,1000.0,SUR,40000000.0,,13.95,11.47,12.0,,98.73,98.04,99.28,98.36,98.16,665805,653582744.2,1797,1.15,15.82,15.94,740.0,2.03,OK
2026-09-28,RU000A10CC24,RU000A10CC24,РусГид2Р07,РусГидро БО-002Р-07,TQCB,exchange_bond,2028-07-26,,1000.0,SUR,50000000.0,,13.85,11.38,12.0,,98.95,98.76,99.28,99.0,99.05,8032,7955824.5,707,8.73,15.47,15.44,586.0,1.61,OK
2026-09-28,RU000A10CC99,RU000A10CC99,МБЭС 2P-04,Межд.Банк Эк.Сотруд. 002P-04,TQCB,corporate_bond,2035-06-23,,1000.0,SUR,6000000.0,,14.65,12.04,12.0,,100.06,99.94,100.5,100.04,100.02,1064,1064261.3,62,8.03,15.65,15.66,589.0,1.61,OK
2026-09-28,RU000A10CDZ5,RU000A10CDZ5,РЖД 1Р-45R,РЖД БО 001P-45R,TQCB,exchange_bond,2029-06-24,,1000.0,SUR,30000000.0,,13.85,11.38,12.0,,98.47,98.09,98.68,98.33,98.31,6326,6219057.8,624,7.59,15.61,15.62,829.0,2.27,OK
2026-09-28,RU000A10CF88,RU000A10CF88,ГПБ006Р01P,ГПБ (АО) БО 006Р-01P,TQCB,exchange_bond,2030-08-26,,1000.0,SUR,3422187.0,,,,,,54.74,54.74,55.72,55.38,55.54,287,159395.5,53,,16.32,16.23,1427.0,3.91,OK
2026-09-28,RU000A10CKZ0,RU000A10CKZ0,ЕврХол3P04,ЕвразХолдинг Финанс 003P-04,TQCB,exchange_bond,2028-02-13,,1000.0,SUR,60000000.0,,13.9,11.42,12.0,,98.06,97.7,98.26,97.95,97.7,493565,482223353.8,869,2.67,16.72,16.96,458.0,1.25,OK
2026-09-28,RU000A10CMD3,RU000A10CMD3,РостелP19R,Ростелеком ПАО 001P-19R,TQCB,exchange_bond,2027-10-22,,1000.0,SUR,20000000.0,,13.3,10.93,12.0,,99.5,98.82,99.5,98.98,99.19,1510,1497733.5,153,0.36,15.32,15.07,364.0,1.0,OK
2026-09-28,RU000A10CMT9,RU000A10CMT9,ЯНДЕКС1Р2,МКПАО ЯНДЕКС 001Р-02,TQCB,exchange_bond,2028-02-26,,1000.0,SUR,25000000.0,,13.5,11.1,12.0,,99.57,99.21,99.77,99.47,99.41,14593,14506286.1,753,8.88,14.84,14.9,467.0,1.28,OK
2026-09-28,RU000A10CP78,RU000A10CP78,ПСБ 4P-01,"ПАО ""ПСБ"" 004P-01",TQCB,exchange_bond,2028-09-05,,1000.0,SUR,25000000.0,,14.25,11.71,12.0,,99.96,99.85,100.11,99.99,100.0,3992,3991923.2,296,9.37,15.22,15.22,616.0,1.69,OK
2026-09-28,RU000A10CQ85,RU000A10CQ85,МТС 1P-29,Мобильные ТелеСистемы 001P-29,TQCB,exchange_bond,2030-08-17,,1000.0,SUR,15000000.0,,14.0,11.51,12.0,,99.78,99.28,99.82,99.82,99.7,1152,1148541.7,195,8.05,15.42,15.73,158.0,0.43,OK
2026-09-28,RU000A10CQG7,RU000A10CQG7,ГПБ006Р02P,ГПБ (АО) БО 006Р-02P,TQCB,exchange_bond,2030-09-25,,1000.0,SUR,1418565.0,,,,,,57.7,57.7,57.7,57.7,57.7,1,577.0,1,,14.77,14.77,1457.0,3.99,OK
2026-09-28,RU000A10CS75,RU000A10CS75,Аэрофл2Б02,Аэрофлот П02-БО-02,TQCB,exchange_bond,2030-08-24,,1000.0,SUR,30000000.0,,,,12.0,,100.14,99.83,100.41,100.0,100.0,4777,4777201.2,349,5.98,16.79,16.79,1074.0,2.94,OK
2026-09-28,RU000A10CS91,RU000A10CS91,Росагрл2Р4,Росагролизинг 002P-04,TQCB,exchange_bond,2028-10-09,,1000.0,SUR,7000000.0,,,,12.0,,99.88,99.6,99.95,99.6,99.88,4535,4529668.1,32,0.88,17.06,16.87,639.0,1.75,OK
2026-09-28,RU000A10CSP4,RU000A10CSP4,Башкрт125,Республика Башкортостан 34016,TQCB,subfederal_bond,2027-09-20,,1000.0,SUR,5000000.0,,14.0,11.51,12.0,,101.22,100.04,101.7,101.26,100.88,79,79691.4,26,1.15,13.33,13.81,324.0,0.89,OK
2026-09-28,RU000A10CSQ2,RU000A10CSQ2,НоваБев3Р1,НоваБев Групп 003Р-01,TQCB,exchange_bond,2028-09-06,,1000.0,SUR,7000000.0,,14.5,11.92,12.0,,99.11,98.71,99.24,98.9,98.99,6532,6465758.9,399,4.37,16.36,16.29,547.0,1.5,OK
2026-09-28,RU000A10CSX8,RU000A10CSX8,ИКС5Фи3P14,ИКС 5 ФИНАНС 003P-14,TQCB,exchange_bond,2035-09-02,,1000.0,SUR,15000000.0,,,,12.0,,100.02,100.01,100.2,100.2,100.15,1070,1071624.1,45,3.74,15.67,15.71,623.0,1.71,OK
2026-09-28,RU000A10CT33,RU000A10CT33,Атомэнпр08,Атомэнергопром АО 001Р-08,TQCB,exchange_bond,2030-09-17,,1000.0,SUR,30000000.0,,14.7,36.65,4.0,,99.59,98.77,99.73,98.86,99.19,5902,5853924.3,617,2.42,15.96,15.84,1118.0,3.06,OK
2026-09-28,RU000A10CT41,RU000A10CT41,РостелP20R,Ростелеком ПАО 001P-20R,TQCB,exchange_bond,2028-09-07,,1000.0,SUR,15000000.0,,,,12.0,,100.34,100.0,100.52,100.19,100.12,272,272337.7,22,4.18,15.79,15.84,618.0,1.69,OK
2026-09-28,RU000A10CU89,RU000A10CU89,iСелктл1Р6,Селектел 001P-06R,TQCB,exchange_bond,2028-03-14,,1000.0,SUR,6000000.0,,15.4,12.66,12.0,,99.62,99.5,100.19,99.94,99.71,12295,12258762.7,897,2.95,16.59,16.8,478.0,1.31,OK
2026-09-28,RU000A10CWF7,RU000A10CWF7,ПГК3Р01,ПГК 003Р-01,TQCB,exchange_bond,2028-09-14,,1000.0,SUR,12000000.0,,15.75,12.95,12.0,,100.5,99.62,101.1,100.56,100.29,12734,12770820.8,1059,1.29,16.56,16.75,620.0,1.7,OK
2026-09-28,RU000A10D1W2,RU000A10D1W2,Мегафн2Р10,МегаФон ПАО БО-002Р-10,TQCB,exchange_bond,2027-10-29,,1000.0,SUR,30000000.0,,,,12.0,,100.19,99.96,100.22,99.98,100.07,223,223162.1,53,9.96,15.6,15.5,364.0,1.0,OK
2026-09-28,RU000A10D2Q2,RU000A10D2Q2,ГазпКап3P6,Газпром капитал БО-003Р-06,TQCB,exchange_bond,2027-09-30,,1000.0,SUR,25000000.0,,,,12.0,,100.31,100.05,100.32,100.25,100.24,27036,27101026.7,58,9.7,15.52,15.53,339.0,0.93,OK
2026-09-28,RU000A10D3B2,RU000A10D3B2,РусГид2Р09,РусГидро БО-002Р-09,TQCB,exchange_bond,2028-09-28,,1000.0,SUR,5000000.0,,,12.66,12.0,,100.4,100.21,100.85,100.85,100.55,6,6032.7,5,8.02,15.54,15.73,630.0,1.73,OK
2026-09-28,RU000A10D3C0,RU000A10D3C0,РусГид2Р08,РусГидро БО-002Р-08,TQCB,exchange_bond,2028-09-28,,1000.0,SUR,30000000.0,,15.45,12.7,12.0,,101.88,101.53,101.88,101.59,101.72,5603,5699569.1,307,8.04,15.54,15.45,628.0,1.72,OK
2026-09-28,RU000A10D3J5,RU000A10D3J5,ПочтаР3P01,Почта России 003P-01,TQCB,exchange_bond,2028-04-01,,1000.0,SUR,4770000.0,,17.2,14.14,12.0,,101.96,101.78,102.76,102.45,102.43,2799,2867040.2,83,8.95,16.5,16.52,485.0,1.33,OK
2026-09-28,RU000A10D3K3,RU000A10D3K3,ПочтаР3P02,Почта России 003P-02,TQCB,exchange_bond,2028-04-01,,1000.0,SUR,3930000.0,,,,12.0,,100.61,100.26,100.64,100.49,100.51,964,968890.3,18,8.8,17.31,17.29,487.0,1.33,OK
2026-09-28,RU000A10D459,RU000A10D459,МТС 2P-13,Мобильные ТелеСистемы 002P-13,TQCB,exchange_bond,2027-10-06,,1000.0,SUR,20000000.0,,,,12.0,,100.48,100.32,100.63,100.63,100.57,5492,5523563.2,39,7.29,15.36,15.43,344.0,0.94,OK
2026-09-28,RU000A10D491,RU000A10D491,ГПБ006Р03P,ГПБ (АО) БО 006Р-03P,TQCB,exchange_bond,2030-10-30,,1000.0,SUR,1096523.0,,,,,,54.55,54.52,54.8,54.52,54.6,55,30027.3,13,,16.0,15.96,1492.0,4.09,OK
2026-09-28,RU000A10D4D6,RU000A10D4D6,Амур 31002,Минфин Амурской обл. 31002,TQCB,subfederal_bond,2027-10-17,,1000.0,SUR,2400000.0,,16.75,41.76,4.0,,102.12,101.88,102.25,102.1,102.12,501,511618.4,98,33.5,15.36,15.33,348.0,0.95,OK
2026-09-28,RU000A10D4F1,RU000A10D4F1,Россет1Р18,Россети ПАО БО 001P-18R,TQCB,exchange_bond,2032-09-10,,1000.0,SUR,23500000.0,,,,12.0,,99.9,99.9,99.9,99.9,99.9,1,999.0,1,6.68,16.53,16.53,1142.0,3.13,OK
2026-09-28,RU000A10D517,SU26253RMFS3,ОФЗ 26253,ОФЗ-ПД 26253 06/10/2038,TQOB,ofz_bond,2038-10-06,,1000.0,SUR,750000000.0,,13.0,64.82,2.0,,84.889,83.8,85.0,84.094,84.277,994290,837956155.47,14356,56.63,16.66,16.62,2023.0,5.54,OK
2026-09-28,RU000A10D7Z2,RU000A10D7Z2,МСПФакт1P1,МСП Факторинг 001Р-01,TQCB,exchange_bond,2027-10-14,,1000.0,SUR,1000000.0,,,,12.0,,101.65,101.2,101.79,101.24,101.42,2384,2417762.5,151,4.19,16.2,15.98,350.0,0.96,OK
2026-09-28,RU000A10DA66,RU000A10DA66,Газпнф5P2R,Газпром нефть 005P-02R,TQCB,exchange_bond,2029-04-10,,1000.0,SUR,57000000.0,,,,12.0,,100.39,100.13,100.5,100.33,100.29,5570,5586026.0,231,2.12,16.22,16.24,772.0,2.12,OK
2026-09-28,RU000A10DBD4,RU000A10DBD4,Ульоб34011,Минфин Ульяновской обл. 34011,TQCB,subfederal_bond,2028-09-26,,900.0,SUR,2000000.0,,17.5,39.27,4.0,,102.12,101.95,102.98,102.2,102.28,1677,1543694.76,190,43.15,16.76,16.69,488.0,1.34,OK
2026-09-28,RU000A10DCJ9,RU000A10DCJ9,РостелP21R,Ростелеком ПАО 001P-21R,TQCB,exchange_bond,2027-10-22,,1000.0,SUR,30000000.0,,,,12.0,,100.59,100.24,100.74,100.55,100.56,828,832595.8,40,0.42,15.27,15.26,361.0,0.99,OK
2026-09-28,RU000A10DDR0,RU000A10DDR0,ЯНДЕКС1Р3,МКПАО ЯНДЕКС 001Р-03,TQCB,exchange_bond,2028-11-02,,1000.0,SUR,40000000.0,,,,12.0,,100.39,100.12,100.64,100.49,100.47,5184,5208153.6,167,5.93,15.88,15.89,657.0,1.8,OK
2026-09-28,RU000A10DDU4,RU000A10DDU4,Магнит5P04,Магнит ПАО БО-005Р-04,TQCB,exchange_bond,2027-11-02,,1000.0,SUR,20000000.0,,,,12.0,,100.13,100.08,100.53,100.25,100.24,676,677598.4,45,8.44,15.59,15.6,367.0,1.01,OK
2026-09-28,RU000A10DEN7,RU000A10DEN7,ТомОб34075,Томская область 34075,TQCB,subfederal_bond,2028-12-06,,1000.0,SUR,8000000.0,,16.2,13.32,12.0,,101.19,101.12,101.98,101.24,101.25,6577,6659164.8,265,4.44,16.54,16.53,566.0,1.55,OK
2026-09-28,RU000A10DFN4,RU000A10DFN4,МТС 2P-14,Мобильные ТелеСистемы 002Р-14,TQCB,exchange_bond,2030-10-22,,1000.0,SUR,17000000.0,,,,12.0,,100.5,100.5,100.77,100.71,100.69,2582,2599874.9,55,6.47,16.09,16.1,659.0,1.81,OK
2026-09-28,RU000A10DG60,RU000A10DG60,Новосиб 27,Новосибирская область 34027,TQCB,subfederal_bond,2029-10-13,,1000.0,SUR,22500000.0,,15.1,37.65,4.0,,100.3,100.0,100.48,100.22,100.19,8374,8390141.9,122,29.79,15.83,15.85,662.0,1.81,OK
2026-09-28,RU000A10DHV3,RU000A10DHV3,Инаркт2Р5,ИНАРКТИКА 002Р-05,TQCB,exchange_bond,2028-11-03,,1000.0,SUR,2300000.0,,,,12.0,,100.16,99.81,100.35,100.29,100.19,3282,3288184.9,111,6.02,17.68,17.74,649.0,1.78,OK
2026-09-28,RU000A10DHX9,RU000A10DHX9,Инаркт2Р4,ИНАРКТИКА 002Р-04,TQCB,exchange_bond,2028-11-03,,1000.0,SUR,700000.0,,15.75,12.95,12.0,,102.4,100.95,103.09,101.25,102.0,1912,1950233.1,282,5.61,16.14,15.67,655.0,1.79,OK
2026-09-28,RU000A10DJA3,RU000A10DJA3,НижгорОб17,Нижегородская область 34017,TQCB,subfederal_bond,2028-12-04,,1000.0,SUR,15000000.0,,16.15,13.27,12.0,,100.93,100.71,101.0,101.0,100.92,338,341120.6,43,5.31,16.15,16.21,526.0,1.44,OK
2026-09-28,RU000A10DJR7,RU000A10DJR7,РЖД 1Р-49R,РЖД БО 001P-49R,TQCB,exchange_bond,2035-11-27,,1000.0,SUR,45000000.0,,15.61,13.26,12.0,,100.0,99.71,100.0,100.0,100.0,21982,21980922.3,157,0.43,16.22,16.22,623.0,1.71,OK
2026-09-28,RU000A10DLE1,RU000A10DLE1,ГазпКап3P7,Газпром капитал БО-003Р-07,TQCB,exchange_bond,2029-05-09,,1000.0,SUR,70000000.0,,,,12.0,,100.12,99.96,100.28,100.12,100.08,1431,1432111.5,117,2.55,16.35,16.38,791.0,2.17,OK
2026-09-28,RU000A10DLP7,RU000A10DLP7,ДФЮгр34002,Депфин Югры 34002,TQCB,subfederal_bond,2028-11-26,,1000.0,SUR,10000000.0,,14.8,36.9,4.0,,100.39,100.05,100.45,100.16,100.06,29200,29216426.0,136,11.76,15.47,15.57,409.0,1.12,OK
2026-09-28,RU000A10DM96,RU000A10DM96,Россет1Р19,Россети ПАО БО 001P-19R,TQCB,exchange_bond,2028-09-13,,1000.0,SUR,35000000.0,,,,12.0,,100.25,100.23,100.8,100.59,100.54,175,175941.2,27,1.68,15.58,15.61,624.0,1.71,OK
2026-09-28,RU000A10DMP5,RU000A10DMP5,ГПБ006Р04P,ГПБ (АО) БО 006Р-04P,TQCB,exchange_bond,2030-12-16,,1000.0,SUR,2832860.0,,,,,,52.71,52.71,53.19,53.18,53.1,254,134875.0,58,,16.16,16.2,1539.0,4.22,OK
2026-09-28,RU000A10DMS9,RU000A10DMS9,ЯНАО34005,Деп Финансов ЯНАО 34005,TQCB,subfederal_bond,2028-12-01,,1000.0,SUR,36000000.0,,15.5,12.74,12.0,,100.22,100.07,100.35,100.33,100.21,732,733565.9,106,6.37,15.95,16.04,538.0,1.47,OK
2026-09-28,RU000A10DQL5,RU000A10DQL5,МЕТИН2P03,МЕТАЛЛОИНВЕСТ 002P-03,TQCB,exchange_bond,2030-12-02,,1000.0,SUR,20000000.0,,,,12.0,,99.93,99.41,99.93,99.44,99.54,2367,2356018.2,208,10.39,17.21,17.17,1113.0,3.05,OK
2026-09-28,RU000A10DRF5,RU000A10DRF5,Газпнф5P3R,Газпром нефть 005P-03R,TQCB,exchange_bond,2028-11-23,,1000.0,SUR,50000000.0,,,,12.0,,100.71,100.53,100.87,100.87,100.75,850,856361.6,79,9.83,15.85,15.92,669.0,1.83,OK
2026-09-28,RU000A10DS74,RU000A10DS74,Сбер Sb51R,Сбербанк ПАО 001Р-SBER51,TQCB,exchange_bond,2028-06-03,,1000.0,SUR,100000000.0,,14.85,12.21,12.0,,101.0,100.86,101.31,100.9,101.19,733443,742142687.5,2829,6.51,15.22,15.0,543.0,1.49,OK
2026-09-28,RU000A10DSG1,RU000A10DSG1,Новосиб 28,Новосибирская область 34028,TQCB,subfederal_bond,2028-12-26,,1000.0,SUR,17500000.0,,15.9,13.07,12.0,,100.45,100.14,100.46,100.42,100.22,21575,21621626.1,67,10.45,16.35,16.5,537.0,1.47,OK
2026-09-28,RU000A10DSL1,RU000A10DSL1,ПГК3Р02,ПГК 003Р-02,TQCB,exchange_bond,2030-11-16,,1000.0,SUR,23200000.0,,15.95,13.11,12.0,,100.16,99.83,100.28,99.92,100.04,10149,10153326.2,686,8.74,17.22,17.15,751.0,2.06,OK
2026-09-28,RU000A10DSM9,RU000A10DSM9,ПГК3Р03,ПГК 003Р-03,TQCB,exchange_bond,2030-11-16,,1000.0,SUR,8650000.0,,,,12.0,,100.69,100.26,101.35,100.26,100.88,2898,2923573.4,193,9.04,16.3,15.65,396.0,1.08,OK
2026-09-28,RU000A10DTG9,RU000A10DTG9,ВТБЛИЗ 1Р4,ВТБ Лизинг 001Р-МБ-04,TQCB,exchange_bond,2028-11-30,,760.0,SUR,3000000.0,,16.5,10.31,12.0,,101.39,101.0,101.4,101.37,101.29,2912,2241687.86,255,5.5,16.36,16.45,400.0,1.1,OK
2026-09-28,RU000A10DWF5,RU000A10DWF5,Башкрт225,Республика Башкортостан 24017,TQCB,subfederal_bond,2029-11-27,,1000.0,SUR,4000000.0,,15.75,12.95,12.0,,100.99,100.02,101.0,100.98,100.71,233,234658.9,65,6.04,15.94,16.14,556.0,1.52,OK
2026-09-28,RU000A10DWQ2,RU000A10DWQ2,ТомОб34076,Томская область 34076,TQCB,subfederal_bond,2030-11-26,,1000.0,SUR,10000000.0,,16.0,39.45,4.0,,101.45,100.77,101.56,100.9,101.11,2285,2310259.4,290,4.38,16.62,16.53,1031.0,2.82,OK
2026-09-28,RU000A10DY92,RU000A10DY92,АЛРОСА2Р1,АЛРОСА 002Р-01,TQCB,exchange_bond,2027-12-13,,1000.0,SUR,20000000.0,,,,12.0,,100.7,100.3,101.19,100.36,100.58,411,413389.3,48,3.78,15.49,15.26,404.0,1.11,OK
2026-09-28,RU000A10DYC8,RU000A10DYC8,ФПК2Р01,ФПК 002Р-01,TQCB,exchange_bond,2028-06-10,,1000.0,SUR,30000000.0,,15.4,12.66,12.0,,100.74,100.35,100.86,100.65,100.63,41902,42166704.7,636,3.8,16.04,16.05,547.0,1.5,OK
2026-09-28,RU000A10DYG9,RU000A10DYG9,Атомэнпр10,Атомэнергопром АО 001Р-10,TQCB,exchange_bond,2031-06-18,,1000.0,SUR,25000000.0,,15.15,37.77,4.0,,99.98,99.8,99.99,99.9,99.92,45366,45330283.9,1761,2.08,16.07,16.06,1258.0,3.45,OK
2026-09-28,RU000A10DYH7,RU000A10DYH7,ГПБФин1Р7,ГПБ Финанс 001Р-07Р,TQCB,exchange_bond,2027-06-17,,1000.0,SUR,20000000.0,,,,12.0,,100.47,99.38,100.47,100.0,99.99,1017,1017004.0,9,3.07,,0.0,,,OK
2026-09-28,RU000A10DYP0,RU000A10DYP0,ИКС5Фи3P15,ИКС 5 ФИНАНС 003P-15,TQCB,exchange_bond,2035-12-03,,1000.0,SUR,20000000.0,,14.5,11.92,12.0,,100.36,100.0,100.68,100.22,100.22,598,599328.7,207,2.78,15.14,15.14,254.0,0.7,OK
2026-09-28,RU000A10DZL6,RU000A10DZL6,ТомОб35077,Томская область 35077,TQCB,subfederal_bond,2032-11-15,,1000.0,SUR,5000000.0,,16.3,40.19,4.0,,101.7,100.76,101.7,101.31,101.3,164,166135.6,19,4.47,17.17,17.18,1299.0,3.56,OK
2026-09-28,RU000A10DZN2,RU000A10DZN2,ТомОб35078,Томская область 35078,TQCB,subfederal_bond,2032-10-06,,1000.0,SUR,5000000.0,,15.1,37.23,4.0,,99.76,99.71,100.11,99.85,99.88,1814,1811818.4,114,4.14,16.03,16.02,1342.0,3.68,OK
2026-09-28,RU000A10DZT9,RU000A10DZT9,А101 1P03,А101 БО-001Р-03,TQCB,exchange_bond,2027-12-16,,1000.0,SUR,6350000.0,,,,12.0,,101.77,101.23,101.77,101.5,101.5,834,846497.5,44,2.96,17.34,17.34,401.0,1.1,OK
2026-09-28,RU000A10DZU7,RU000A10DZU7,А101 1P02,А101 БО-001Р-02,TQCB,exchange_bond,2027-12-16,,1000.0,SUR,4150000.0,,17.0,13.97,12.0,,100.78,100.5,101.27,100.85,100.81,12833,12936417.6,849,2.79,17.48,17.52,402.0,1.1,OK
2026-09-28,RU000A10DZW3,RU000A10DZW3,РЖД 1Р-50R,РЖД БО 001P-50R,TQCB,exchange_bond,2035-12-04,,1000.0,SUR,25000000.0,,15.35,12.62,12.0,,100.27,99.89,101.14,100.1,100.16,32254,32304926.6,851,2.52,16.44,16.41,908.0,2.49,OK
2026-09-28,RU000A10E5X0,RU000A10E5X0,РусГид2Р11,РусГидро БО-002Р-11,TQCB,exchange_bond,2028-04-16,,1000.0,SUR,30000000.0,,,,12.0,,100.54,100.3,100.8,100.57,100.41,3455,3469089.9,81,1.7,15.66,15.79,507.0,1.39,OK
2026-09-28,RU000A10E630,RU000A10E630,Газпнф5P4R,Газпром нефть 005P-04R,TQCB,exchange_bond,2029-01-12,,1000.0,SUR,138000000.0,,,,12.0,,100.41,100.25,100.79,100.69,100.5,1262,1268354.0,135,1.27,15.91,16.03,711.0,1.95,OK
2026-09-28,RU000A10E6Q2,RU000A10E6Q2,ИКС5Фи3P16,ИКС 5 ФИНАНС 003P-16,TQCB,exchange_bond,2036-01-14,,1000.0,SUR,20000000.0,,,,12.0,,100.36,100.36,101.0,101.0,100.93,409,412801.0,36,10.48,15.1,15.16,513.0,1.41,OK
2026-09-28,RU000A10E6V2,RU000A10E6V2,ИКС5Фи3P17,ИКС 5 ФИНАНС 003P-17,TQCB,exchange_bond,2036-01-12,,1000.0,SUR,15000000.0,,14.5,11.92,12.0,,100.02,100.01,100.34,100.22,100.26,2195,2200808.6,83,10.73,15.32,15.29,490.0,1.34,OK
2026-09-28,RU000A10E739,RU000A10E739,РостелP22R,Ростелеком ПАО 001P-22R,TQCB,exchange_bond,2028-07-23,,1000.0,SUR,15000000.0,,14.75,12.12,12.0,,100.71,100.42,100.74,100.69,100.67,2380,2395935.3,116,10.51,15.29,15.3,580.0,1.59,OK
2026-09-28,RU000A10E7G1,RU000A10E7G1,НоваБев3Р2,НоваБев Групп 003Р-02,TQCB,exchange_bond,2029-01-20,,1000.0,SUR,5000000.0,,15.25,12.53,12.0,,100.33,100.0,100.63,100.1,100.21,7104,7118985.5,387,10.45,16.29,16.22,643.0,1.76,OK
2026-09-28,RU000A10E7W8,RU000A10E7W8,МЕТИН2P04,МЕТАЛЛОИНВЕСТ 002P-04,TQCB,exchange_bond,2030-02-08,,1000.0,SUR,75000000.0,,,,12.0,,99.64,99.52,99.9,99.6,99.66,10764,10727091.2,154,9.12,17.16,17.14,955.0,2.62,OK
2026-09-28,RU000A10E8N5,RU000A10E8N5,МТС 2Р-16,Мобильные ТелеСистемы 002Р-16,TQCB,exchange_bond,2032-01-11,,1000.0,SUR,20000000.0,,,,12.0,,100.98,100.15,101.98,100.43,100.74,800,805957.7,95,8.2,16.37,16.19,718.0,1.97,OK
2026-09-28,RU000A10EA16,RU000A10EA16,ПочтаР3P03,Почта России 003P-03,TQCB,exchange_bond,2036-01-22,,1000.0,SUR,8700000.0,,17.75,14.59,12.0,,100.97,100.79,101.25,100.79,100.9,8608,8685450.7,238,8.27,18.79,18.72,701.0,1.92,OK
2026-09-28,RU000A10EA32,RU000A10EA32,ПочтаР3P04,Почта России 003P-04,TQCB,exchange_bond,2036-01-22,,1000.0,SUR,2300000.0,,,,12.0,,100.0,99.86,100.13,99.86,100.0,10918,10917818.0,42,7.92,17.95,17.82,445.0,1.22,OK
2026-09-28,RU000A10EBE0,RU000A10EBE0,РостелP23R,Ростелеком ПАО 001P-23R,TQCB,exchange_bond,2028-02-08,,1000.0,SUR,20000000.0,,14.55,11.96,12.0,,100.17,99.94,100.52,100.22,100.19,3468,3474640.8,214,4.78,15.36,15.39,452.0,1.24,OK
2026-09-28,RU000A10ECM1,RU000A10ECM1,ГазКап3P21,Газпром капитал ООО БО-003Р-21,TQCB,exchange_bond,2028-08-12,,1000.0,SUR,50000000.0,,,,12.0,,100.52,100.35,100.72,100.68,100.63,3643,3665972.3,35,2.55,15.72,15.75,598.0,1.64,OK
2026-09-28,RU000A10EDW8,RU000A10EDW8,Магнит6P01,Магнит ПАО БО-006Р-01,TQCB,exchange_bond,2028-05-17,,1000.0,SUR,85000000.0,,,,12.0,,100.39,100.02,100.45,100.02,100.11,892,893016.7,35,1.26,15.96,15.89,532.0,1.46,OK
2026-09-28,RU000A10EEZ9,RU000A10EEZ9,iСелктл1Р7,Селектел 001P-07R,TQCB,exchange_bond,2029-02-16,,1000.0,SUR,7000000.0,,15.0,12.33,12.0,,99.65,98.61,99.67,99.34,99.3,10618,10544083.1,1206,11.51,16.46,16.48,728.0,1.99,OK
2026-09-28,RU000A10EF52,RU000A10EF52,Сбер Sb52R,Сбербанк ПАО 001Р-SBER52,TQCB,exchange_bond,2028-08-29,,1000.0,SUR,71000000.0,,14.2,11.67,12.0,,100.1,99.9,100.53,100.0,100.1,512905,513392985.7,1976,7.39,15.16,15.09,612.0,1.68,OK
2026-09-28,RU000A10EG28,RU000A10EG28,Медси 1P04,Группа компаний Медси 001P-04,TQCB,exchange_bond,2029-02-18,,1000.0,SUR,5500000.0,,,,12.0,,102.19,101.56,102.27,102.27,101.81,4210,4286104.5,57,11.36,15.58,15.84,728.0,1.99,OK
2026-09-28,RU000A10EH76,RU000A10EH76,ГПБ006Р05P,ГПБ (АО) БО 006Р-05P,TQCB,exchange_bond,2031-03-16,,1000.0,SUR,44985052.0,,,,,,51.23,50.47,51.45,51.02,54.43,10549,5367651.9,256,,16.27,14.6,1629.0,4.46,OK
2026-09-28,RU000A10EJA1,RU000A10EJA1,Газпнф5P5R,Газпром нефть 005P-05R,TQCB,exchange_bond,2029-02-24,,1000.0,SUR,50000000.0,,,,12.0,,100.5,100.35,100.63,100.58,100.52,2207,2218435.4,88,8.49,16.03,16.06,736.0,2.02,OK
2026-09-28,RU000A10EJQ7,RU000A10EJQ7,Атомэнпр11,Атомэнергопром АО 001Р-11,TQCB,exchange_bond,2029-12-07,,1000.0,SUR,50000000.0,,14.7,36.65,4.0,,98.65,98.22,99.16,98.49,99.04,233858,231609006.4,1682,6.85,16.2,15.96,943.0,2.58,OK
2026-09-28,RU000A10ELF6,RU000A10ELF6,МТС 2Р-17,Мобильные Телесистемы 002Р-17,TQCB,exchange_bond,2036-01-25,,1000.0,SUR,10000000.0,,,,12.0,,100.47,100.2,100.58,100.23,100.27,944,946595.6,66,6.0,16.08,16.05,477.0,1.31,OK
2026-09-28,RU000A10EMG2,RU000A10EMG2,НоваБев3Р3,НоваБев Групп 003Р-03,TQCB,exchange_bond,2029-03-04,,1000.0,SUR,7000000.0,,14.5,11.92,12.0,,98.9,98.49,99.1,98.61,98.54,8749,8621164.1,267,4.77,16.37,16.41,682.0,1.87,OK
2026-09-28,RU000A10EML2,RU000A10EML2,ВТБЛИЗ 1Р5,ВТБ Лизинг 001Р-МБ-05,TQCB,exchange_bond,2029-03-04,,830.0,SUR,5000000.0,,15.5,10.57,12.0,,100.91,100.57,101.29,100.68,100.88,15084,12630119.51,709,4.23,15.96,15.77,419.0,1.15,OK
2026-09-28,RU000A10EN60,RU000A10EN60,РостелP24R,Ростелеком ПАО 001P-24R,TQCB,exchange_bond,2028-01-14,,1000.0,SUR,15000000.0,,13.9,11.42,12.0,,99.84,99.68,100.19,99.7,99.98,410,409932.2,48,2.67,15.1,14.83,433.0,1.19,OK
2026-09-28,RU000A10ENS5,RU000A10ENS5,МЕТИН2P05,МЕТАЛЛОИНВЕСТ 002P-05,TQCB,exchange_bond,2030-03-25,,1000.0,SUR,60000000.0,,,,12.0,,99.3,99.16,99.4,99.21,99.26,605,600515.8,40,2.59,17.23,17.21,988.0,2.71,OK
2026-09-28,RU000A10EPX0,RU000A10EPX0,РусГид2Р12,РусГидро БО-002Р-12,TQCB,exchange_bond,2029-03-11,,1000.0,SUR,35000000.0,,,,12.0,,100.65,100.6,103.0,100.65,100.65,122349,123142314.9,140,2.12,16.01,16.01,752.0,2.06,OK
2026-09-28,RU000A10ER66,RU000A10ER66,ФосАгро2П6,ФосАгро БО-02-06,TQCB,exchange_bond,2029-04-16,,1000.0,SUR,70000000.0,,13.75,11.3,12.0,,98.31,98.1,98.69,98.45,98.43,100833,99254539.7,1506,10.92,15.48,15.49,788.0,2.16,OK
2026-09-28,RU000A10ERV0,RU000A10ERV0,Магнит6P02,Магнит ПАО БО-006Р-02,TQCB,exchange_bond,2028-09-23,,1000.0,SUR,64000000.0,,,,12.0,,100.05,100.02,100.32,100.1,100.1,2256,2258150.0,35,10.13,16.03,16.03,625.0,1.71,OK
2026-09-28,RU000A10ES57,RU000A10ES57,ГазКап3P24,Газпром капитал ООО БО-003Р-24,TQCB,exchange_bond,2029-04-22,,1000.0,SUR,40000000.0,,,,12.0,,100.6,100.35,100.83,100.49,100.61,258,259569.7,55,9.77,16.14,16.08,775.0,2.12,OK
2026-09-28,RU000A10ET56,RU000A10ET56,РосСиб1Р01,Россети Сибирь 001Р-01,TQCB,exchange_bond,2029-03-28,,1000.0,SUR,5000000.0,,,,12.0,,100.74,100.04,100.75,100.75,100.61,726,730449.2,53,7.74,16.2,16.28,757.0,2.07,OK
2026-09-28,RU000A10ETL7,RU000A10ETL7,РостелP25R,Ростелеком ПАО 001P-25R,TQCB,exchange_bond,2028-04-03,,1000.0,SUR,15000000.0,,13.65,11.22,12.0,,99.49,99.02,99.66,99.53,99.43,1563,1554049.4,227,6.36,14.93,15.02,498.0,1.36,OK
2026-09-28,RU000A10ETQ6,RU000A10ETQ6,ПСБ 4P-02,Промсвязьбанк 004P-02,TQCB,exchange_bond,2029-03-29,,1000.0,SUR,40000000.0,,14.05,11.55,12.0,,98.88,98.55,99.17,98.97,98.88,16513,16327809.6,537,6.54,15.56,15.61,768.0,2.1,OK
2026-09-28,RU000A10ETT0,RU000A10ETT0,ПСБ 4P-04,Промсвязьбанк 004P-04,TQCB,exchange_bond,2028-04-03,,1000.0,SUR,15000000.0,,,,12.0,,100.47,100.22,100.5,100.5,100.42,1143,1147812.6,48,7.27,15.81,15.88,493.0,1.35,OK
2026-09-28,RU000A10A851,RU000A10A851,РФ ЗО 27 Д,ОВОЗ РФ 12840109V,TQCB,ofz_bond,2027-06-23,,200000.0,USD,8861.0,,4.25,4250.0,2.0,,,,,,,0,0.0,0,189182.8207,,,263.0,0.72,OK
2026-09-28,RU000A10A869,RU000A10A869,РФ ЗО 28 Д,ОВОЗ РФ 12840111V,TQCB,ofz_bond,2028-06-24,,1000.0,USD,2023411.0,,12.75,63.75,2.0,,108.0001,107.5216,108.62,108.3691,108.2939,554,50600458.94,124,2807.7252,7.64,7.68,574.0,1.57,OK
2026-09-28,RU000A10A8A6,RU000A10A8A6,РФ ЗО 29 Д,ОВОЗ РФ 12840112V,TQCB,ofz_bond,2029-03-21,,200000.0,USD,12503.0,,4.375,4375.0,2.0,,92.5,92.25,92.5,92.25,92.35,3,46733569.74,3,14349.8458,8.04,7.99,864.0,2.37,OK
2026-09-28,RU000A10A7Y8,RU000A10A7Y8,РФ ЗО 35 Д,ОВОЗ РФ 12840115V,TQCB,ofz_bond,2035-03-28,,200000.0,USD,14366.0,,5.1,5100.0,2.0,,78.91,78.9,79.33,79.33,78.5713,3,40001439.19,3,0.0,8.76,8.91,2470.0,6.77,OK
2026-09-28,RU000A10A802,RU000A10A802,РФ ЗО 42 Д,ОВОЗ РФ 12840117V,TQCB,ofz_bond,2042-04-04,,200000.0,USD,6092.0,,5.625,5625.0,2.0,,71.2,71.02,71.2,71.02,71.1469,16,192020082.25,4,458606.3625,9.36,9.34,3348.0,9.17,OK
2026-09-28,RU000A10A844,RU000A10A844,РФ ЗО 47 Д,ОВОЗ РФ 12840119V,TQCB,ofz_bond,2047-06-23,,200000.0,USD,13257.0,,5.25,5250.0,2.0,,,,,,,0,0.0,0,233695.6814,,,3908.0,10.71,OK
2026-09-28,RU000A1059N9,RU000A1059N9,ЛУКОЙЛ 26,"ПАО ""ЛУКОЙЛ"" ЗО-26",TQCB,corporate_bond,2026-11-02,,1000.0,USD,315760.0,,4.75,23.75,2.0,,99.489,99.489,100.1109,99.8762,99.8917,35,2948751.56,18,1624.4154,5.97,5.8,34.0,0.09,OK
2026-09-28,RU000A107JN3,RU000A107JN3,ТМК ЗО2027,ТМК ЗО-2027,TQCB,corporate_bond,2027-02-12,,1000.0,USD,349904.0,,4.3,21.5,2.0,,95.4455,95.005,96.0,95.8023,95.6942,88,7102466.58,37,463.0343,16.69,17.04,136.0,0.37,OK
2026-09-28,RU000A10B3Z3,RU000A10B3Z3,ЕврХол3P03,ЕвразХолдинг Финанс 003P-03,TQCB,exchange_bond,2027-03-08,,100.0,USD,4500000.0,,9.5,0.78,12.0,,99.1997,99.1997,101.7194,100.0,100.1524,4007,33847106.99,329,41.3273,9.91,9.53,,,OK
2026-09-28,RU000A107B43,RU000A107B43,ГТЛК ЗО27Д,ГТЛК ЗО27-Д,TQCB,corporate_bond,2027-03-10,,1000.0,USD,346639.0,,4.65,23.25,2.0,,96.5146,96.5145,97.2999,97.2999,97.0306,226,18495163.06,66,196.5155,11.38,12.08,162.0,0.44,OK
2026-09-28,RU000A1056U0,RU000A1056U0,ГазКЗ-27Д,Газпром капитал ООО ЗО27-1-Д,TQCB,corporate_bond,2027-03-23,,1000.0,USD,402348.0,,4.95,24.75,2.0,,98.7096,98.1101,98.9397,98.8203,98.659,156,12980824.54,71,58.1956,7.57,7.93,175.0,0.48,OK
2026-09-28,RU000A1059P4,RU000A1059P4,ЛУКОЙЛ 27,"ПАО ""ЛУКОЙЛ"" ЗО-27",TQCB,corporate_bond,2027-04-26,,1000.0,USD,257441.0,,2.8,14.0,2.0,,98.4982,96.8166,98.4982,97.52,97.5223,12,987020.51,11,996.9153,7.34,7.33,206.0,0.56,OK
2026-09-28,RU000A105JH9,RU000A105JH9,ГазКЗ-27Д2,Газпром капитал ООО ЗО27-2-Д,TQCB,corporate_bond,2027-06-29,,1000.0,USD,628751.0,,3.0,15.0,2.0,,95.7515,95.7515,96.5374,96.3081,96.3621,104,8452409.53,29,625.8132,8.24,8.16,270.0,0.74,OK
2026-09-28,RU000A10B7J8,RU000A10B7J8,ФосАгро2П3,ФосАгро БО-02-03,TQCB,exchange_bond,2027-09-18,,1000.0,USD,642200.0,,7.5,6.16,12.0,,98.8896,98.7309,99.8014,99.4742,99.359,563,47179846.65,75,86.8716,8.36,8.5,342.0,0.94,OK
2026-09-28,RU000A10BGH8,RU000A10BGH8,Акрон Б1P8,Акрон (ПАО) БО-001P-08,TQCB,exchange_bond,2027-11-10,,1000.0,USD,200000.0,,7.95,6.53,12.0,,99.9977,98.1567,99.9977,99.1,98.8611,233,19427737.67,41,220.1311,9.27,9.55,348.0,0.95,OK
2026-09-28,RU000A10AUX8,RU000A10AUX8,НОВАТЭК1Р3,НОВАТЭК 001Р-03,TQCB,exchange_bond,2028-02-27,,100.0,USD,5000000.0,,9.4,0.77,12.0,,100.5654,100.33,101.9301,100.98,100.8753,5798,49333341.77,598,49.7614,8.98,9.06,483.0,1.32,OK
2026-09-28,RU000A105R62,RU000A105R62,ГазКЗ-28Д,Газпром капитал ООО ЗО28-1-Д,TQCB,corporate_bond,2028-02-06,,1000.0,USD,410083.0,,4.95,24.75,2.0,,94.1562,94.1562,95.16,95.1599,94.985,2168,173682192.24,64,603.041,8.86,9.01,481.0,1.32,OK
2026-09-28,RU000A107CX7,RU000A107CX7,ГТЛК ЗО28Д,ГТЛК ЗО28-Д,TQCB,corporate_bond,2028-02-26,,1000.0,USD,167099.0,,4.8,24.0,2.0,,90.0989,89.8617,91.9898,91.0595,90.7673,235,17990289.86,67,360.1378,12.2,12.46,501.0,1.37,OK
2026-09-28,RU000A10BFM0,RU000A10BFM0,ГазКап3P13,Газпром капитал БО-003Р-13,TQCB,exchange_bond,2028-05-02,,1000.0,USD,350000.0,,7.65,6.29,12.0,,97.5,97.5,99.2575,98.8515,99.0831,899,74625343.23,85,317.9671,8.76,8.59,546.0,1.5,OK
2026-09-28,RU000A105A87,RU000A105A87,СКФ ЗО2028,Совкомфлот ЗО-2028,TQCB,corporate_bond,2028-04-26,,1000.0,USD,382823.0,,3.85,19.25,2.0,,91.78,91.3106,92.7734,92.7487,92.3509,212,16512694.37,36,1371.3912,9.08,9.38,553.0,1.52,OK
2026-09-28,RU000A10B4K3,RU000A10B4K3,НорНикБ1P8,ГМК Нор.никель БО-001Р-08,TQCB,exchange_bond,2030-02-23,,100.0,USD,10000000.0,,7.75,0.64,12.0,,98.1344,97.8167,99.1298,98.8253,98.8351,4648,38745220.86,346,28.6761,8.96,8.95,,,OK
2026-09-28,RU000A10AXW4,RU000A10AXW4,СибурХ1Р03,СИБУР Холдинг 001Р-03,TQCB,exchange_bond,2028-08-02,,100.0,USD,6000000.0,,9.6,0.79,12.0,,100.5213,100.5213,101.6566,101.2291,101.0157,16266,138583148.16,526,35.4234,9.26,9.39,617.0,1.69,OK
2026-09-28,RU000A10D806,RU000A10D806,ЕврХол3P05,ЕвразХолдинг Финанс 003P-05,TQCB,exchange_bond,2028-11-07,,100.0,USD,2250000.0,,8.25,0.68,12.0,,97.1716,96.4979,98.1721,97.0526,97.117,1052,8616913.78,166,16.8683,10.28,10.24,706.0,1.93,OK
2026-09-28,RU000A10CZ68,RU000A10CZ68,ФосАгро2П4,ФосАгро БО-02-04,TQCB,exchange_bond,2028-10-12,,1000.0,USD,250000.0,,7.0,5.75,12.0,,96.6501,96.65,97.8917,97.5548,97.4004,44,3614549.71,22,16.0249,8.63,8.72,694.0,1.9,OK
2026-09-28,RU000A106G56,RU000A106G56,ФосАЗО28-Д,ФосАгро ЗО28-Д,TQCB,corporate_bond,2028-09-16,,1000.0,USD,383470.0,,2.6,13.0,2.0,,88.0503,87.748,89.5924,88.8999,88.7697,60,4492174.28,24,73.377,9.06,9.15,703.0,1.93,OK
2026-09-28,RU000A105A04,RU000A105A04,МЕТАЛИН028,МЕТАЛЛОИНВЕСТ 028,TQCB,corporate_bond,2028-10-22,,1000.0,USD,285780.0,,3.375,16.875,2.0,,89.8848,87.8347,89.8849,88.5488,88.3567,101,7526648.13,21,1233.9147,9.84,9.96,721.0,1.98,OK
2026-09-28,RU000A10BRM5,RU000A10BRM5,Акрон Б1P9,Акрон (ПАО) БО-001P-09,TQCB,exchange_bond,2029-11-12,,1000.0,USD,200000.0,,7.75,6.37,12.0,,97.2,96.3372,97.3592,97.308,97.0417,230,18824656.07,44,519.543,9.47,9.61,753.0,2.06,OK
2026-09-28,RU000A10DBZ7,RU000A10DBZ7,Акрон Б2P1,Акрон (ПАО) БО-002P-01,TQCB,exchange_bond,2029-03-14,,1000.0,USD,150000.0,,7.7,6.33,12.0,,97.3519,97.3519,98.0358,98.0358,97.6068,46,3786853.54,8,35.4234,8.98,9.21,781.0,2.14,OK
2026-09-28,RU000A10ECK5,RU000A10ECK5,СибурХ1Р09,СИБУР Холдинг 001Р-09,TQCB,exchange_bond,2029-03-06,,100.0,USD,2500000.0,,7.5,0.62,12.0,,97.9993,96.5,97.9994,97.2673,97.0915,1165,9539991.71,278,17.7117,9.16,9.24,812.0,2.22,OK
2026-09-28,RU000A10D483,RU000A10D483,Газпнф5P1R,Газпром нефть 005P-01R,TQCB,exchange_bond,2029-03-29,,1000.0,USD,210000.0,,7.5,6.16,12.0,,96.0001,96.0001,97.5814,97.2801,97.1342,92,7537036.97,44,294.3515,9.07,9.14,830.0,2.27,OK
2026-09-28,RU000A105KU0,RU000A105KU0,ГазКЗ-29Д,Газпром капитал ООО ЗО29-1-Д,TQCB,corporate_bond,2029-01-27,,1000.0,USD,1171512.0,,2.95,14.75,2.0,,86.0761,86.0761,86.9661,86.7195,86.7929,324,23717560.32,42,421.707,9.5,9.46,822.0,2.25,OK
2026-09-28,RU000A107D58,RU000A107D58,ГТЛК ЗО29Д,ГТЛК ЗО29-Д,TQCB,corporate_bond,2029-02-27,,1000.0,USD,141112.0,,4.349,21.75,2.0,,83.4407,83.2333,84.2982,84.0,83.9743,283,20043515.07,37,315.4368,12.55,12.56,840.0,2.3,OK
2026-09-28,RU000A10BPP2,RU000A10BPP2,ГазКап3P14,Газпром капитал БО-003Р-14,TQCB,exchange_bond,2029-05-08,,1000.0,USD,650000.0,,7.25,5.96,12.0,,96.8976,95.1084,96.8976,95.8958,96.0603,516,41805587.5,89,117.2345,9.41,9.33,867.0,2.38,OK
2026-09-28,RU000A108L81,RU000A108L81,Полюс Б1P4,Полюс ПБО-04,TQCB,exchange_bond,2029-05-09,,100.0,USD,1500000.0,,6.2,0.51,12.0,,93.9899,93.4347,94.358,93.924,94.0296,721,5717953.74,214,8.4341,9.18,9.13,878.0,2.41,OK
2026-09-28,RU000A108G70,RU000A108G70,НОВАТЭК1Р2,НОВАТЭК 001P-02,TQCB,exchange_bond,2029-05-16,,100.0,USD,7500000.0,,6.25,1.56,4.0,,93.169,92.8401,93.9076,93.5802,93.4128,2565,20208519.5,532,57.3522,9.34,9.42,883.0,2.42,OK
2026-09-28,RU000A108LP2,RU000A108LP2,ФосА1П1USD,ФосАгро БО-П01-USD,TQCB,exchange_bond,2029-05-31,,100.0,USD,1000000.0,,6.25,1.56,4.0,,94.5018,93.2735,94.8693,94.7401,94.2688,482,3832265.66,102,36.2668,8.75,8.97,899.0,2.46,OK
2026-09-28,RU000A10C3M0,RU000A10C3M0,Атомэнпр06,Атомэнергопром АО 001Р-06,TQCB,exchange_bond,2029-07-13,,1000.0,USD,600000.0,,7.2,17.95,4.0,,95.2614,94.6327,95.4515,95.3496,95.2797,677,54403901.74,108,1214.5162,9.42,9.45,915.0,2.51,OK
2026-09-28,RU000A10CRC4,RU000A10CRC4,НорНик1P14,ГМК Нор.никель БО-001Р-14,TQCB,exchange_bond,2029-08-26,,100.0,USD,8500000.0,,6.4,0.53,12.0,,93.0201,93.0201,95.945,93.5182,93.8762,7737,61258864.7,686,25.3024,9.37,9.21,964.0,2.64,OK
2026-09-28,RU000A10DJV9,RU000A10DJV9,СКФ 1Р2,Совкомфлот 001Р-02,TQCB,exchange_bond,2029-10-31,,1000.0,USD,200000.0,,7.55,6.21,12.0,,96.0236,95.4759,96.4297,96.1074,96.1306,103,8351024.25,23,192.2984,9.38,9.37,1004.0,2.75,OK
2026-09-28,RU000A10C9Y2,RU000A10C9Y2,НОВАТЭК1Р5,НОВАТЭК 001Р-05,TQCB,exchange_bond,2030-01-11,,1000.0,USD,750000.0,,7.0,5.75,12.0,,93.8198,93.3024,94.5999,94.2501,94.175,1070,84988398.65,217,468.9382,9.41,9.44,1071.0,2.93,OK
2026-09-28,RU000A10BV55,RU000A10BV55,НОВАТЭК1Р4,НОВАТЭК 001Р-04,TQCB,exchange_bond,2030-05-29,,1000.0,USD,350000.0,,7.5,6.16,12.0,,94.9999,94.4336,95.5185,95.4497,94.8923,222,17835011.16,83,190.6116,9.33,9.53,1166.0,3.19,OK
2026-09-28,RU000A105SG2,RU000A105SG2,ГазКЗ-30Д,Газпром капитал ООО ЗО30-1-Д,TQCB,corporate_bond,2030-02-25,,1000.0,USD,1463726.0,,3.25,16.25,2.0,,82.1912,81.3667,82.3114,82.2497,81.9194,652,45047938.27,101,251.3374,9.54,9.67,1177.0,3.22,OK
2026-09-28,RU000A10CTX6,RU000A10CTX6,ВЭБ2Р-54В,ВЭБ.РФ ПБО-002Р-54В,TQCB,exchange_bond,2030-08-31,,1000.0,USD,600000.0,,7.15,5.88,12.0,,93.6657,93.0,93.9041,93.5501,93.3924,579,45606945.01,121,115.5477,9.51,9.56,1243.0,3.41,OK
2026-09-28,RU000A10CMR3,RU000A10CMR3,СибурХ1Р08,СИБУР Холдинг 001Р-08,TQCB,exchange_bond,2030-08-08,,100.0,USD,4000000.0,,6.65,0.55,12.0,,92.04,92.025,93.2771,92.4648,92.4382,9237,72015051.56,523,0.0,9.39,9.4,1237.0,3.39,OK
2026-09-28,RU000A10CSG3,RU000A10CSG3,МЕТИН2P02,МЕТАЛЛОИНВЕСТ 002P-02,TQCB,exchange_bond,2030-08-24,,100.0,USD,1000000.0,,6.3,0.52,12.0,,89.759,88.5083,91.0,89.8,89.8145,578,4378396.04,95,20.2419,9.88,9.88,1252.0,3.43,OK
2026-09-28,RU000A10E9Y0,RU000A10E9Y0,ГазКап3P18,Газпром капитал ООО БО-003Р-18,TQCB,exchange_bond,2031-02-17,,1000.0,USD,250000.0,,7.5,6.16,12.0,,94.8526,93.6291,94.971,94.382,94.1128,108,8572613.68,47,294.3515,9.44,9.52,1356.0,3.72,OK
2026-09-28,RU000A105JT4,RU000A105JT4,ГазКЗ-31Д,Газпром капитал ООО ЗО31-1-Д,TQCB,corporate_bond,2031-07-14,,1000.0,USD,479122.0,,3.5,17.5,2.0,,76.749,76.749,77.7,77.5158,77.4569,151,9864562.57,46,606.4147,9.52,9.54,1590.0,4.36,OK
2026-09-28,RU000A1059R0,RU000A1059R0,ЛУКОЙЛ 31,"ПАО ""ЛУКОЙЛ"" ЗО-31",TQCB,corporate_bond,2031-10-26,,1000.0,USD,253992.0,,3.6,18.0,2.0,,80.7895,79.9875,81.0,81.0,80.6987,123,8371671.86,25,1281.9893,8.43,8.51,1659.0,4.55,OK
2026-09-28,RU000A105A95,RU000A105A95,ГазКЗ-34Д,Газпром капитал ООО ЗО34-1-Д,TQCB,corporate_bond,2034-04-28,,1000.0,USD,748626.0,,8.625,43.13,2.0,,96.0999,95.5821,96.4483,96.3135,96.075,495,40110354.51,155,3031.2299,9.39,9.44,1997.0,5.47,OK
2026-09-28,RU000A105RH2,RU000A105RH2,ГазКЗ-37Д,Газпром капитал ООО ЗО37-1-Д,TQCB,corporate_bond,2037-08-16,,1000.0,USD,903068.0,,7.288,36.44,2.0,,85.9999,85.5161,86.3055,85.5161,85.9652,661,47925333.39,183,716.9019,9.52,9.45,2682.0,7.35,OK
2026-09-28,RU000A105QW3,RU000A105QW3,ГазКБЗО26Д,Газпром капитал ООО БЗО26-1-Д,TQCB,corporate_bond,,,1000.0,USD,1069041.0,,8.09,40.45,2.0,,73.9539,73.6,74.8432,74.4,74.2486,502,31436382.93,82,1174.8757,10.87,10.9,,,OK
2026-09-28,RU000A105RZ4,RU000A105RZ4,ГазКЗ-27Е,Газпром капитал ООО ЗО27-1-Е,TQCB,corporate_bond,2027-02-17,,1000.0,EUR,473499.0,,1.5,15.0,1.0,,97.0211,97.021,97.9981,97.8997,97.6528,331,30988423.09,52,878.1774,7.17,7.87,141.0,0.39,OK
2026-09-28,RU000A10A828,RU000A10A828,РФ ЗО 27 Е,ОВОЗ РФ 12978110V,TQCB,ofz_bond,2027-11-20,,100000.0,EUR,9791.0,,1.125,1125.0,1.0,,,,,,,0,0.0,0,92193.2923,,,413.0,1.13,OK
2026-09-28,RU000A10BBW8,RU000A10BBW8,ГазКап1P12,Газпром капитал ООО БО-001Р-12,TQCB,exchange_bond,2028-04-29,,1000.0,EUR,350000.0,,7.75,6.37,12.0,,98.0003,97.895,98.6,98.3109,98.3689,440,41495165.64,57,427.5842,9.27,9.23,543.0,1.49,OK
2026-09-28,RU000A105BY1,RU000A105BY1,ГазКЗ-28Е,Газпром капитал ООО ЗО28-1-Е,TQCB,corporate_bond,2028-11-17,,1000.0,EUR,343388.0,,1.85,18.5,1.0,,85.9759,85.9759,87.1689,86.65,86.6597,138,11465241.01,35,1531.0583,8.98,8.98,758.0,2.08,OK
2026-09-28,RU000A10A836,RU000A10A836,РФ ЗО 32 Е,ОВОЗ РФ 12978114V,TQCB,ofz_bond,2032-11-20,,100000.0,EUR,10263.0,,1.85,1850.0,1.0,,67.0001,67.0001,67.4,67.33,67.1465,11,70811358.84,8,151607.3651,8.99,9.05,2066.0,5.66,OK
2026-09-28,RU000A105QX1,RU000A105QX1,ГазКЗ-Б26Е,Газпром Капитал БЗО26-1-Е,TQCB,corporate_bond,,,1000.0,EUR,716276.0,,6.892,68.92,1.0,,63.8356,63.0013,64.5438,64.0864,63.7736,88,5380352.4,44,4434.9878,10.75,10.81,,,OK
2026-09-28,RU000A105XA5,RU000A105XA5,ГазКЗ-27Ф,Газпром капитал ООО ЗО27-1-ФР,TQCB,corporate_bond,2027-06-30,,5000.0,CHF,34637.0,,1.54,77.0,1.0,,94.3,94.3,94.3,94.3,94.3,3,1439615.86,2,1915.4168,9.62,9.62,274.0,0.75,OK
2026-09-28,RU000A1057S2,RU000A1057S2,Роснфт2P12,ПАО НК Роснефть 002P-12,TQOY,exchange_bond,2032-09-07,,1000.0,CNY,15000000.0,,6.5,32.41,2.0,,100.2999,99.6047,100.2999,99.8006,99.8941,47,46950.23,23,2.32,6.83,6.72,347.0,0.95,OK
2026-09-28,RU000A10BU23,RU000A10BU23,НорНик1P11,ГМК Нор.никель БО-001Р-11-CNY,TQCB,exchange_bond,2030-05-25,,1000.0,CNY,3000000.0,,7.0,5.75,12.0,,99.4707,99.1202,101.998,100.4055,99.9735,419,5247662.01,42,36.1022,4.15,7.43,51.0,0.14,OK
2026-09-28,RU000A10B347,RU000A10B347,Акрон Б1P7,Акрон (ПАО) БО-001P-07,TQCB,exchange_bond,2027-03-04,,700.0,CNY,1600000.0,,10.5,6.04,12.0,,99.9152,99.4555,100.6107,100.2611,100.2166,8047,70764136.02,133,58.0394,9.99,10.17,102.0,0.28,OK
2026-09-28,RU000A108PZ2,RU000A108PZ2,Газпн3P12R,Газпром нефть БО 003P-12R,TQCB,exchange_bond,2026-12-14,,1000.0,CNY,2000000.0,,7.75,19.32,4.0,,99.4392,99.4392,100.756,100.7307,100.1809,83,1043443.94,26,37.2304,4.27,7.04,76.0,0.21,OK
2026-09-28,RU000A105ZC6,RU000A105ZC6,Роснфт2P13,ПАО НК Роснефть 002P-13,TQOY,exchange_bond,2033-03-07,,1000.0,CNY,15000000.0,,6.5,32.41,2.0,,100.0501,99.9401,101.1988,100.05,100.3531,12,12016.39,8,2.49,6.48,5.8,170.0,0.47,OK
2026-09-28,RU000A10B0C8,RU000A10B0C8,МЕТАЛИНP12,МЕТАЛЛОИНВЕСТ 001P-12,TQCB,exchange_bond,2027-02-23,,1000.0,CNY,1500000.0,,10.2,8.38,12.0,,100.7871,100.2947,101.6517,100.4508,100.7387,123,1554709.31,43,7.0199,9.44,8.65,145.0,0.4,OK
2026-09-28,RU000A10CP52,RU000A10CP52,ГазКап3P19,Газпром капитал ООО БО-003Р-19,TQCB,exchange_bond,2027-08-30,,1000.0,CNY,5000000.0,,6.4,5.26,12.0,,98.1222,96.8267,99.6081,99.2565,99.089,637,7918976.58,86,52.7745,7.48,7.69,325.0,0.89,OK
2026-09-28,RU000A1054W1,RU000A1054W1,Полюс Б1P2,Полюс ПБО-02,TQCB,exchange_bond,2027-08-24,,1000.0,CNY,4600000.0,,3.8,18.95,2.0,,96.3092,95.5758,97.6956,97.2148,96.6889,287,3479717.76,80,44.3757,7.16,7.81,326.0,0.89,OK
2026-09-28,RU000A1057D4,RU000A1057D4,МЕТАЛИН1P2,МЕТАЛЛОИНВЕСТ 001P-02,TQCB,exchange_bond,2027-09-10,,1000.0,CNY,1000000.0,,3.7,9.22,4.0,,95.243,95.1883,96.4,95.8588,95.7734,148,1773078.62,24,21.5611,8.55,8.65,341.0,0.93,OK
2026-09-28,RU000A105EV1,RU000A105EV1,ЕАБР П3-04,ЕАБР 003P-004,TQCB,corporate_bond,2027-11-07,,1000.0,CNY,1900000.0,,4.5,22.44,2.0,,,,,,,0,0.0,0,221.0009,,,,,OK
2026-09-28,RU000A10E6T6,RU000A10E6T6,Акрон Б2P2,Акрон (ПАО) БО-002P-02,TQCB,exchange_bond,2028-09-20,,1000.0,CNY,1500000.0,,6.8,5.59,12.0,,95.9916,95.9916,97.787,96.1833,97.0936,105,1276343.33,44,63.0536,9.38,8.8,647.0,1.77,OK
2026-09-28,RU000A10DT08,RU000A10DT08,ГазКап3P20,Газпром капитал ООО БО-003Р-20,TQCB,exchange_bond,2029-02-27,,1000.0,CNY,3000000.0,,7.4,6.08,12.0,,98.12,96.2935,99.2824,98.3,98.0749,1354,16662735.99,120,43.2475,8.49,8.6,806.0,2.21,OK
2026-09-28,RU000A10DQB6,RU000A10DQB6,ОФЗ 29 CNY,ОФЗ-ПД 12156120V 28/02/29,TQOY,ofz_bond,2029-02-28,,10000.0,CNY,1200000.0,,6.0,299.18,2.0,,98.353,98.0009,98.353,98.25,98.3137,762,7489408.92,83,42.74,6.91,6.88,831.0,2.28,OK
2026-09-28,RU000A10EER6,RU000A10EER6,ФосАгро2П5,ФосАгро БО-02-05,TQCB,exchange_bond,2029-05-29,,1000.0,CNY,1500000.0,,8.0,19.95,4.0,,98.5122,98.5122,100.1759,100.1421,99.525,394,4917502.59,90,74.2102,8.18,8.46,880.0,2.41,OK
2026-09-28,RU000A10E8P0,RU000A10E8P0,РЖД 1Р-51R,РЖД БО 001P-51R,TQCB,exchange_bond,2029-09-23,,1000.0,CNY,4000000.0,,7.6,6.25,12.0,,96.8312,96.2402,97.6976,97.6524,97.6511,871,10629803.25,167,49.6406,8.84,8.84,973.0,2.67,OK
2026-09-28,RU000A10DQA8,RU000A10DQA8,ОФЗ 33 CNY,ОФЗ-ПД 12156121V 01/06/33,TQOY,ofz_bond,2033-06-01,,10000.0,CNY,800000.0,,7.0,349.04,2.0,,95.3001,95.22,95.7678,95.52,95.3317,230,2195130.07,109,210.96,8.03,8.07,1933.0,5.3,OK
